eventId,date,duration,position,radius,userNumber,tweetsNumber,importantHashtags
75e85a63-525d-4d9b-bfd6-4ed7127fb398,2015-07-21 14:14:00,31440,-74.4249382195;41.0294649268,359207.46,7,41,#job|#hiring|#tweetmyjobs|#jobs|#nonprofit|#construction|#veterans|#rochester|#bronx|#engineering|#nowhiring|#it|#sales|#rhlegaljobs|#clerical|#retail|#opensource|#utilities|#legal|#jerseycity|#tintonfalls|#projectmgmt|#hoboken|#businessmgmt|#finance|#bayside|#media
15307728-569d-49eb-a065-56e437412a5b,2015-07-21 13:57:00,46020,-74.7184452727;41.0596866364,325911.33,5,11,#job|#hiring|#tweetmyjobs|#jobs|#retail|#clerical|#rochester|#jackson|#rhlegaljobs|#weehawken|#construction|#engineering|#nettempsjobs|#kellyservices|#utilities|#kellyjobs
446f812b-80c5-416a-8dc9-b6c79c830205,2015-07-22 13:33:00,32100,-74.21105578;40.77298646,383885.28,7,50,#job|#hiring|#tweetmyjobs|#jobs|#woodbridge|#sales|#it|#bronx|#facilitiesmgmt|#art|#warren|#construction|#nettempsjobs|#veterans|#businessmgmt|#clerical|#milspouse|#customerservice|#rochester|#energy|#mahwah|#englewood|#healthcare|#lifeinspiringcareers|#utilities|#media|#hoboken
03284cad-2b9d-4ed5-8476-6662fe06388f,2015-07-23 09:38:00,16620,-74.1931874545;40.6917561818,25307.54,4,22,#job|#hiring|#careerarc|#jobs|#woodbridge|#it|#sales|#art|#teaneck|#veterans|#jerseycity|#madison|#purchasing|#hr
6291be36-a100-4933-ad68-85a155bff79c,2015-07-23 14:37:00,27240,-74.0393313333;40.7615373333,8176.13,3,9,#job|#sales|#hiring|#milspouse|#hoboken|#veterans|#jerseycity|#careerarc|#fortlee|#jobs|#art|#security|#ridgefieldpark
45f891c6-4ef4-4462-8519-b5aa3b2e6840,2015-07-24 13:41:00,29040,-73.9923184074;40.7549529259,23629.71,5,27,#job|#hiring|#jobs|#retail|#careerarc|#veterans|#jerseycity|#construction|#sales|#bayside|#security|#nowhiring|#energy|#purchasing|#education|#finance|#hackensack|#it
ab3c367f-1083-467c-8db1-182ec10e4f9d,2015-07-25 09:20:00,22620,-74.0193834419;40.7329097907,82344.8,8,43,#job|#hiring|#careerarc|#jobs|#internship|#retail|#marketing|#hospitality|#bronx|#hoboken|#rhmrjobs|#astoria|#healthcare|#accounting|#manhattan|#andover|#edgewater|#jacksonheights|#chesterfield|#teaneck|#southhampton|#socialmedia|#ny|#queens|#utilities|#media
a42bbcec-a979-425d-886e-a13fa4fb4e39,2015-07-26 17:02:00,28260,-74.2128585;40.98560725,225440.81,6,20,#job|#hiring|#careerarc|#jobs|#rhlegaljobs|#jerseycity|#legal|#veterans|#art|#productmgmt|#sales|#education|#transportation|#retail|#albany|#pulaski|#healthcare|#finance|#greatmeadows|#security|#clerical|#ridgefieldpark
8c584198-1679-4bd8-ab14-67b7699aa30b,2015-07-26 20:15:00,43620,-74.3756571111;42.68767,360370.84,3,9,#job|#albany|#hiring|#careerarc|#jobs|#sales|#retail|#veterans|#labor|#security|#rochester
ec9686d3-092e-4ea0-bb8b-186e95d8bbc6,2015-07-27 21:41:00,6660,-73.9744653611;40.8759555833,32941.24,4,36,#thebachelorette|#afterthefinalrose|#finalrose|#teamnotalf|#jealousy|#teamkaitlyn|#firehotquotes|#badchoicekaitlyn|#mcvet|#theotherguy|#dickinabox|#isthatamasonjar|#teamnick|#mcdreamy|#facetiming
d47bfcbc-4a28-434e-8ed3-2cc672465f0b,2015-07-27 21:21:00,12300,-73.9929411724;40.7505717931,32.91,3,29,#u2|#u2ietour|#msg|#u2msg|#monicasininstagram
faa12aff-d392-47cc-9be1-6d5ad532742c,2015-07-27 12:18:00,34740,-74.00609428;40.67633468,48987.89,4,25,#job|#hiring|#careerarc|#jobs|#skilledtrade|#nonprofit|#retail|#facilitiesmgmt|#veterans|#jackson|#bronx|#marketing|#tintonfalls|#queens|#bayside|#nowhiring
f10b3be8-07ac-425d-9568-c16021903398,2015-07-27 10:23:00,59520,-73.975856;40.683063,0.0,3,20,#thepinkprinttour|#nickiminaj|#yadig|#believethat|#lilwayne|#barclays|#bk|#weezy|#youngmulababy|#specialguest|#romansrevenge|#tunechi|#instavideo|#pt4|#milli|#lookingassniccas|#loyal|#meekmill|#yanotfuckingwime|#pt3|#badforyou|#shekilledthis|#yanotfuckingwitme|#glory
7f4d6d13-126d-4f3e-8912-b43c73a8ec90,2015-07-28 14:41:00,23040,-74.2521763103;40.7966355862,93645.26,5,29,#job|#hiring|#jobs|#it|#careerarc|#veterans|#nursing|#nonprofit|#ewing|#manhattan|#projectmgmt|#warren|#cooperstown|#woodbridge|#database|#johnson|#richmondhill|#nettempsjobs|#lawrencetownship|#clerical|#bayside|#hoboken
e1ef9527-8262-456c-80c8-63dd6b0068c7,2015-07-29 16:19:00,24240,-74.1578764167;41.2047638333,105821.23,4,12,#job|#hiring|#careerarc|#sales|#woodbridge|#jobs|#hoosick|#retail|#blairstown|#webdesign
58742368-0c0d-44d6-baf0-61ee4a9d8f15,2015-07-29 10:40:00,6720,-74.3144937778;40.5709167778,39268.27,3,9,#job|#hiring|#careerarc|#jobs|#nettempsjobs|#warren|#it|#rhmrjobs|#retail|#jackson|#marketing|#fortlee|#webdesign|#clerical
ecd88253-09da-4b56-9d4d-147d4ef4cbc4,2015-07-30 16:44:00,33480,-74.0995250833;40.6554069167,125280.12,5,24,#job|#hiring|#sales|#jobs|#customerservice|#interpreter|#careerarc|#bilingual|#retail|#hackensack|#fortlee|#englewoodcliffs|#fairview|#jackson|#lawrencetownship|#monroetownship|#madison
c9c66a2f-e908-44cc-becb-441a68cf990c,2015-07-30 10:47:00,6900,-73.9380258462;40.7168149231,15818.1,5,13,#tbt|#goodtimes|#greatpeople|#love|#mcm|#fresh|#followme|#thachampishere|#instagood|#me|#follow|#cute
9dec894e-d0c1-4d56-b3db-e8167c56cbfb,2015-07-31 21:27:00,7020,-73.9925518824;40.7502223529,1454.47,4,34,#u2ietour|#u2|#msg|#u2msg|#u2nyc|#u2ny|#teamcerilli|#msg8
4035e2e2-761c-425b-b461-87d9b8446c9d,2015-07-31 11:54:00,23100,-74.04243075;40.7676420714,76849.62,4,28,#job|#hiring|#careerarc|#jobs|#facilitiesmgmt|#internship|#hoboken|#businessmgmt|#construction|#nowhiring|#woodbridge|#energy|#longislandcity|#bronx|#andover|#fortlee|#englewoodcliffs|#retail|#teaneck|#edgewater|#mahwah
f7ed50e7-4cb0-477b-b303-1907fda245d5,2015-08-01 15:08:00,39240,-74.2971058286;41.0446396857,373237.26,6,35,#job|#hiring|#careerarc|#jobs|#sales|#healthcare|#skilledtrade|#bronx|#albany|#veterans|#utilities|#retail|#chesterfield|#jackson|#folsom|#clerical|#hoosick|#rochester|#businessmgmt|#physician|#pulaski|#pilesgrove|#amwell|#accounting|#media|#internship|#jefferson|#queens|#southampton
2c872c63-a486-40e6-87ad-0287013c1fae,2015-08-02 14:51:00,27900,-73.943092619;40.8414494286,55063.65,3,21,#job|#hiring|#jobs|#veterans|#careerarc|#retail|#bronx|#media|#it|#opensource|#businessmgmt|#jamaica|#freshmeadows|#jerseycity|#utilities|#projectmgmt|#finance|#bayside|#albany
1909dca3-1c9f-4897-adcc-ad3ddd52f3b7,2015-08-03 10:55:00,21900,-74.0949608889;40.7637837778,35895.64,3,9,#job|#hiring|#careerarc|#nonprofit|#jobs|#retail|#manhattan|#chatham|#veterans|#marketing|#fortlee|#jerseycity|#edgewater
92fab3bb-6365-4a09-aec3-79cfc1c4b447,2015-08-04 11:17:00,36480,-74.2421071667;41.1296648333,89036.89,3,6,#careerarc|#hiring|#job|#jobs|#bronx|#nursing|#cooperstown|#johnson|#retail|#jackson|#utilities|#media|#businessmgmt
f310836b-d23d-4738-8ebb-ab5415c8fb97,2015-08-04 13:55:00,4680,-73.7904732;41.1801662,73874.39,4,5,#hiring|#job|#careerarc|#jobs|#sales|#nursing|#marketing|#hoboken|#bayside|#hoosick|#flushing
9857adf4-5461-4bdd-b314-97011f094719,2015-08-05 15:38:00,15300,-74.1762395556;40.6185619444,19178.03,3,18,#job|#hiring|#sales|#woodbridge|#careerarc|#jobs|#admin|#art|#productmgmt|#webdesign|#writing
ec0445d3-b880-4ff9-a723-2883f2223de1,2015-08-06 21:45:00,7320,-73.9707341964;40.7261124821,52292.35,11,56,#gopdebate|#trump|#carson|#christie|#bencarson|#greenpoint|#boulevardtavern|#bush|#comedyopenmic|#finaldailyshow|#showtime|#donaldtrump|#comedytonight|#sickburn|#huckabee|#burnsday|#drinkinggame|#randpaul|#rubio|#tedcruz|#cruz|#waronwomen|#immigration|#netneutrality|#jebbush
cef25496-0ab3-4310-9a7c-8c1af8d42188,2015-08-06 16:24:00,31320,-74.3769493571;41.4662180714,362850.68,5,28,#job|#hiring|#jobs|#careerarc|#rhmrjobs|#sales|#nursing|#cooperstown|#albany|#hackensack|#retail|#milspouse|#rochester|#businessmgmt|#veterans|#database|#engineering|#accounting|#jerseycity|#hoboken|#finance|#customerservice|#southozonepark|#banking|#hospitality|#marketing|#flushing
5fbec800-df17-4b1a-84b0-731fcf668dc5,2015-08-08 14:07:00,41520,-74.0480741786;40.7166504643,54202.15,4,28,#job|#hiring|#careerarc|#jobs|#retail|#admin|#media|#art|#bronx|#marketing|#socialmedia|#mahwah|#allentown|#businessmgmt|#veterans|#sales|#woodbridge|#edgewater|#utilities
f3a9db9e-71d5-4b48-bd18-86b1e5f30b59,2015-08-10 17:26:00,28200,-76.472244125;42.595224,309568.57,3,8,#hiring|#job|#careerarc|#rochester|#engineering|#jobs|#sales|#veterans|#businessmgmt|#retail|#pulaski|#regopark|#rosedale
fa8745fe-cb1f-4385-aba9-a6feb20a4daf,2015-08-11 19:46:00,36600,-73.9444794167;40.6965359167,18781.81,4,24,#job|#hiring|#jobs|#retail|#skilledtrade|#nursing|#careerarc|#bayside|#veterans
a1fe9e18-732d-4289-98df-8881473d69e0,2015-08-12 15:35:00,22500,-73.9782898108;40.7650992432,12744.96,8,37,#job|#hiring|#jobs|#careerarc|#internship|#veterans|#sales|#bronx|#hoboken|#customerservice|#projectmgmt|#businessmgmt|#marketing|#hackensack|#milspouse|#transportation|#utilities|#longislandcity|#media|#englewood|#it
59bb63b4-e250-47c7-8819-54cd9c6d223c,2015-08-12 11:09:00,18060,-74.2794238889;40.576831,34658.54,4,18,#job|#hiring|#woodbridge|#careerarc|#jobs|#sales|#art|#marketing|#internship|#edgewater|#warren
35906d08-f3df-42b6-944d-0b72663d0b70,2015-08-12 08:39:00,13980,-75.00285075;39.7817865,114769.28,3,8,#job|#fairfield|#hiring|#jobs|#careerarc|#marketing|#internship|#customerservice|#andover|#teaneck
efae2630-728e-48b0-a5d4-f12b6df26b01,2015-08-13 13:27:00,22200,-73.9900125;40.8445105,21373.77,3,8,#job|#careerarc|#hackensack|#sales|#hiring|#jobs|#veterans|#businessmgmt|#fortlee
68dcd18b-1993-4e48-b170-e9fffdc2ad24,2015-08-14 12:31:00,22020,-73.9947784;40.7014824,5229.82,3,15,#job|#hiring|#skilledtrade|#retail|#careerarc|#jobs|#veterans
adb40213-3b79-493f-8157-2f0e20228e6a,2015-08-15 15:29:00,32520,-74.0194484286;40.7361586429,27182.94,4,28,#job|#hiring|#veterans|#jobs|#jerseycity|#nonprofit|#careerarc|#sales|#marketing|#manhattan|#it|#businessmgmt|#transportation|#productmgmt|#education|#projectmgmt|#finance|#opensource|#manufacturing|#security|#ridgefieldpark
7ca37aed-a0fb-4a8a-8c40-6d6de13b3c21,2015-08-17 12:53:00,28320,-74.1867336842;40.7940807105,91162.83,6,38,#job|#hiring|#careerarc|#jobs|#retail|#woodbridge|#veterans|#sales|#skilledtrade|#internship|#bronx|#allentown|#hoboken|#physician|#albany|#sussex|#washington|#manhattan|#boonton|#englewoodcliffs|#teaneck|#nursing|#businessmgmt|#bergenhudsoncounty|#queens|#clerical|#healthwelfare
058ef634-f820-4bb4-a061-b9922554f1ef,2015-08-18 18:03:00,32220,-74.00175;40.72374295,5935.5,3,20,#job|#bilingual|#interpreter|#hiring|#customerservice|#jobs|#sales|#hospitality|#transportation|#longislandcity
0d259d6f-8ea7-4cae-9132-49abb53060db,2015-08-19 08:58:00,1200,-73.9576173158;40.7361595263,19756.29,3,19,#job|#hiring|#careerarc|#jobs|#internship|#retail|#marketing|#manhattan|#freshmeadows|#jamaica|#bronx|#socialmedia
569160ea-0a80-4396-81e8-bf762456e745,2015-08-20 10:44:00,30120,-74.0904126957;40.7041924783,22068.41,4,23,#hiring|#job|#careerarc|#jobs|#retail|#woodbridge|#marketing|#sales|#fortlee|#edgewater|#hoboken|#hackensack|#socialmedia
1a71bcad-f87b-439e-b346-8e4889de4099,2015-08-24 14:00:00,27480,-73.9774371429;40.6961675,6496.08,5,28,#afropunk|#facesofafropunk|#afropunk2015|#musicphotography|#music|#afropunkfest|#lennykravitz|#thinkbeforeyouink|#favoritebartender|#suicidaltendencies|#kelela|#taylormoe
8f986a51-b204-44d6-9816-022abf459478,2015-08-24 17:22:00,38040,-74.006908;40.961046125,51349.8,4,16,#job|#hiring|#customerservice|#interpreter|#jobs|#sales|#bilingual|#careerarc|#internship|#hoboken|#albany|#marketing
698031ab-2afb-43df-94d0-6115c77c5010,2015-08-24 14:00:00,8340,-73.8859138333;41.4587965,91588.27,3,6,#job|#hiring|#careerarc|#sales|#jobs|#hoosick|#englewoodcliffs|#jerseycity|#internship|#bedminister|#longislandcity
6c9b570b-3065-4625-ae56-857e67224663,2015-08-25 08:20:00,31680,-73.9943055714;40.7503705714,1840.09,3,21,#job|#hiring|#jobs|#careerarc|#internship|#purchasing|#marketing
6d7d1d32-8c8e-4c88-81ba-6ca32c2bce03,2015-08-25 02:00:00,22500,-73.9724952857;40.7877440714,8569.16,3,14,#usa|#me|#tbt|#follow|#cute|#igersfrance|#love|#followme|#like|#instagood|#manhattan|#waha|#summer2015|#topoftherock|#viewfromthetop|#statueofliberty|#eldorado|#mammamia|#cadillac|#timessquare|#freedom|#giftfromfrance
358d52f1-18c9-45a9-8d01-253e87aa19ee,2015-08-27 10:37:00,31800,-74.0508171111;40.8314685556,63751.26,3,9,#job|#hiring|#careerarc|#nonprofit|#jobs|#internship|#retail|#ridgefieldpark|#sussex|#hoboken|#bayside
2dc814ac-e507-4eba-b616-8ef728799ecb,2015-08-27 14:33:00,8100,-74.0772636667;40.8480003333,39353.45,3,6,#job|#hiring|#careerarc|#jobs|#retail|#internship|#edgewater|#hackensack|#teaneck|#boonton|#nonprofit
91dcd6fe-1653-46cd-930e-581d3f9b8c2e,2015-08-28 03:12:00,70500,-73.99566705;40.7340612,5793.15,5,20,#usa|#manhattan|#bigapple|#chryslerbuildingnyc|#42ndstreet|#northamerica|#famousbuilding|#2015|#summer|#holydays|#statueofliberty|#bdaywknd|#cgzx|#america|#topoftherock|#vrijheidsbeeld|#ship|#rockefellercenter|#artdeco|#birthdayweekend|#summertime|#amazing|#vscocam|#nmg|#hot|#vacations|#night|#bryantpark|#soho|#1920s|#boat|#intrepid|#chinatown|#traveling|#littleitaly|#happyhour|#happy|#italy|#center|#monkeyking|#chryslerbuilding|#goodbye|#newworldtradecenter|#military|#libertyenlighteningtheworld|#space|#look|#war|#gold|#unionsquarepark|#china|#architecture|#vessel|#building|#thebest|#squaready|#brooklynbridge|#tourist|#day|#love|#bye|#bazinga|#kungfu|#ny|#zodiac|#estatuadelalibertad|#race|#museum
8c9e0adb-b2ea-437e-9fa8-0e3a49b6e0fc,2015-08-28 14:52:00,11700,-74.0025104444;40.7375826667,3042.3,3,18,#job|#hiring|#careerarc|#jobs|#internship|#veterans|#socialmedia|#projectmgmt|#marketing|#it|#northbergen
54c6c067-17e6-48a2-bf0c-d6129764ca68,2015-08-28 09:30:00,27360,-73.9889843125;40.7248946875,7140.24,6,16,#manhattan|#usa|#followme|#me|#like|#tbt|#follow|#cute|#igersfrance|#love|#instagood|#birthdayweekend|#bdaywknd|#bigapple|#cgzx|#vacations|#nmg|#grandcentral|#statueofliberty|#clouds|#daddy|#musthave|#instagramnyc|#wtc|#timesquare|#nobeer|#sign|#memorial11september|#leather|#ny|#freedomtower|#financialdistrict|#daughter
89dca15c-99f8-435a-9243-53f7bc25533f,2015-08-29 12:52:00,23940,-74.1248100833;40.75864775,64860.26,4,24,#job|#hiring|#careerarc|#retail|#jobs|#teaneck|#hoboken|#businessmgmt|#internship|#veterans|#astoria|#bedminster|#freshmeadows|#englewoodcliffs|#allentown|#woodbridge|#boonton|#flanders|#lafayette
9b7d344f-4cba-424d-aa3d-a9027202948e,2015-08-30 22:36:00,6420,-73.9235239688;40.756919125,21347.64,7,32,#vmas|#mtv|#pulledbeef|#sunday|#kingbey|#justinbieber|#mtvvmas|#burger|#vma|#foodpornshare|#foodporn|#veggies|#meat
7794bc65-8b62-49af-9a70-3442181a6da4,2015-08-30 20:02:00,16200,-73.9991453462;40.7268645385,4028.14,5,26,#manhattan|#usa|#littleitaly|#bigapple|#iphone|#tripod|#thisisnewyork|#ny|#architecture|#remoteshutter|#jerseycity|#travelling|#manhattanbridge|#empirestatebuilding|#architecturelovers|#macandcheese|#travel|#foodporn|#colorful|#sightseeing|#art|#city|#homemade|#america|#applebees|#viewfromthetop|#watertank|#spying|#street|#bw|#food|#barclayscenter|#grandcentralstation|#financialdistrict
36401820-f0c1-4a4d-8d13-8de80b67dc61,2015-08-30 13:09:00,27180,-74.0661124783;40.7451673043,25948.4,4,23,#job|#hiring|#careerarc|#retail|#jobs|#marketing|#woodbridge|#edgewater|#socialmedia|#mahwah|#hackensack|#sales|#englewood|#hoboken
9b952bd1-6c27-46fa-b7d9-0dc5a58b30cc,2015-08-30 10:03:00,13200,-73.9887106667;40.7166323333,1829.37,3,3,#usa|#love|#manhattan|#celfie|#america|#hairselfie|#followme|#me|#like|#styles|#tbt|#follow|#cute|#travelling|#igersfrance|#timessquare|#hair|#sunday|#firstnight|#instagood|#sundayselfie|#thebigapple|#brightlights
81546eb8-114e-4417-bf1d-2761137a501e,2015-09-01 14:56:00,7140,-73.98018488;40.6807388,14975.06,3,25,#usa|#tbt|#follow|#cute|#igersfrance|#love|#me|#followme|#instagood|#like|#manhattan|#city|#sky|#life|#buildings|#light|#people|#cars|#carsny|#tv|#dancing|#performers|#lights|#girl|#coneyislandboardwalk|#coconut|#usopen|#loeb|#50kentave
b3bc477b-47bc-4992-b68e-d67a69abb62d,2015-09-01 14:56:00,24480,-73.8162567368;41.8520407895,35738.11,3,19,#hiring|#job|#retail|#albany|#jobs|#hospitality|#veterans|#parttime|#careerarc|#astoria|#elmhurst|#corona
ad86d3ae-8aab-475f-8e27-9db08066b817,2015-09-02 16:48:00,38040,-73.8485678684;40.7520573947,11148.97,4,38,#usopen|#tennis|#usta|#tobiasmorgancreatives|#flushing|#usopen2015|#serenawilliams|#nikon|#usopenchampion|#nikond5300|#tennischampion|#johnmcenroe|#kikibertens|#radwanska|#rafaelnadal|#dimitrov|#goaga|#latergram|#davidgoffin|#rafa|#jeremychardy|#7|#worldsfair|#linettevsradwanska|#martinklizan
7a1e379b-b18f-4619-8331-4b03f11c9f2b,2015-09-02 15:01:00,42960,-73.9756901892;40.7552780541,23439.25,4,37,#job|#hiring|#jobs|#careerarc|#nonprofit|#finance|#internship|#retail|#banking|#projectmgmt|#bayside|#accounting|#sales|#customerservice|#hackensack|#flushing
9a9aa188-6eae-4524-9a13-b777ab28987a,2015-09-03 14:34:00,28860,-73.9774856;40.7663300667,14174.26,3,15,#job|#hiring|#retail|#jobs|#careerarc|#finance|#edgewater|#engineering|#bronx|#hackensack|#sales|#ridgewood|#westnewyork
a9397661-f2e2-46d8-ab46-f6f3c85f5084,2015-09-04 09:54:00,8880,-73.95978425;40.7410435,25069.75,4,24,#job|#hiring|#jobs|#careerarc|#finance|#internship|#marketing|#customerservice|#labor|#jamaica|#socialmedia|#maspeth|#manhattan|#foresthills|#fairview|#englewood|#unioncity|#rosedale
175f1a58-6ea2-4d23-861b-da857c020a43,2015-09-05 20:36:00,8940,-73.9659996429;40.7712470714,11211.03,3,28,#manhattan|#tren|#playingtourist|#timesquarenyc|#art|#blue|#summersalmostover|#skyscrapers|#timetogohome|#skies|#grandcentralstation|#tired|#trees|#endofsummer|#summer|#byebye|#enjoying|#timesquare|#crowded|#bryantpark|#breast|#warmup|#labordayweekend|#onlyinnewyork|#craziness|#painting|#street|#longislandcity|#green|#beauty|#view|#evening|#edm|#skyscraper|#people|#welcometoamerica|#momaps1
521d556a-ae87-489f-befc-b20b72a94784,2015-09-06 12:29:00,29520,-74.0858442105;40.7310825263,69240.79,3,19,#job|#hiring|#jobs|#careerarc|#skilledtrade|#retail|#banking|#hoboken|#businessmgmt|#woodbridge|#bedminster|#flanders
e027f80d-7336-46cd-8f57-93b079e5e162,2015-09-06 01:00:00,5280,-73.9885407692;40.7253015385,1466.6,3,13,#manhattan|#eastriver|#brooklynbridge|#brooklynbridgepark|#manhattanbridge|#bigapple|#newyorker|#night|#downtown|#drink|#cocktail|#saturday|#boat|#sunnyday|#chinatown|#3rdstreet
c6b0fa6a-a834-401c-90e3-55d2efcb5387,2015-09-06 11:56:00,16440,-73.9920831429;40.7473781429,1650.96,3,7,#manhattan|#sunday|#sunny|#bluesky|#highline|#love|#upperwestside|#watercress|#radish|#5thavenue|#squid|#glass|#funday|#montauk|#apple|#seared|#parkavenue|#madisonsquare
114d4d24-f023-4a6a-a8e2-19118eb8fb99,2015-09-07 08:52:00,26100,-73.7499560323;40.7066668387,84.17,3,31,#militarymonday|#laborday
1b88b6da-c065-48d4-bb64-a7bee8de59f2,2015-09-07 11:26:00,24240,-74.0338788387;41.0614367742,59570.02,5,31,#job|#hiring|#careerarc|#jobs|#interpreter|#bilingual|#marketing|#retail|#customerservice|#healthcare|#albany|#woodbridge|#mahwah|#finance|#edgewater|#hoboken|#fortlee|#hackensack|#maspeth|#allentown|#veterans|#astoria|#hudson|#englewood|#socialmedia|#howardbeach|#sales
05afe971-7027-4a70-b3d7-77f2bfb4219f,2015-09-07 16:36:00,25620,-74.1155865;42.033282375,47244.34,3,8,#labordayweekend|#mountains|#windham|#thethompsonhouse|#minitrips|#newyorkstate|#weekend|#coneyisland|#palenville|#kaaterskillfalls|#monday|#freeday|#happylaborday|#catskillmountains|#laborday
5a00aed0-dfe8-4fde-8721-939f4bffd533,2015-09-07 17:50:00,4440,-73.9162056667;40.7696586667,3940.92,3,3,#laborday|#finally|#easternparkway|#astoriascene|#astoriany|#streetfair|#working|#astoria|#turnup
adda7ee5-a7b9-498d-8094-6541cf63137b,2015-09-09 11:06:00,6900,-73.8514673333;41.995824,42189.41,3,3,#hiring|#job|#careerarc|#albany|#jobs|#python|#retail|#glenmont
c1266296-fb36-4418-aa96-fa65da66202c,2015-09-10 15:02:00,34860,-73.9989894222;40.7451384444,1816.26,13,45,#nyfw|#fwpinsider|#fwpress|#frontrowworldwide|#nyfwfp|#backstage|#desigual|#fashionpalette|#ncfa|#nyfw15|#bcbg|#gelspecial|#handpainted|#nailart|#gelnail|#cfda|#andrewwernerphotography|#irisapfel|#ss2016|#fwpdigitalshows|#erinfetherston|#ohnetitel|#frontrow|#duskiiactive|#shotbyaw|#maco|#attheshows|#tome|#fashiondesigner|#streetstyle|#ootd|#theshows|#krodnyfw|#bts|#vanityprojectsinspo|#blogger|#lineup|#cfdanyfw|#nyfwpanasonic|#coffee|#nicholask|#fw15|#vogue|#girlboss|#tatianalight|#thegallery|#hair|#inspiredby|#repost|#bcbgmaxazria|#gina|#fashionshow|#artist|#kanae|#fashionableforever|#ss|#thearc
a1ed52af-bea7-44bb-8161-cc21867c4f06,2015-09-10 12:18:00,24120,-74.0304104828;40.7212879655,28729.12,6,29,#hiring|#jobs|#job|#retweet|#careerarc|#retail|#java|#businessmgmt|#woodbridge|#internship|#hoboken|#operating|#skilledtrade|#fortlee|#nettempsjobs|#hackensack|#perl|#edgewater|#kellyjobs|#kellyservices
e0c3cf33-7710-4d5e-b1d3-89e6d5d2ff43,2015-09-10 11:28:00,22800,-74.0049302963;40.7383895926,1992.17,6,27,#ss16|#nyfw|#nicholask|#andrewwernerphotography|#catwalk|#bts|#stilalovesnicholask|#nyfwfp|#runway|#fashionpalette|#collection|#ncfa|#frontrow|#nicholaskstudio|#fashion|#primaryfashion|#katosoriomakeup|#makeup|#backstage|#model|#erinfetherston|#nyfw15|#runwayshow|#malanbreton|#bcbg|#frontofhouse|#style|#shotbyaw|#allaccess|#huntandheart|#becandbridge|#womenswear|#love|#floral|#styling|#tatianalight|#lagunasydney|#ohnetitel|#obsessed|#skylightclarksonsq
9029f416-9530-45ed-b9e3-9b8dd7dd3f86,2015-09-10 18:59:00,42720,-74.0732466296;40.7168944074,73604.25,5,27,#job|#hiring|#retail|#careerarc|#jobs|#skilledtrade|#internship|#teaneck|#businessmgmt|#andover|#jerseycity|#nettempsjobs|#allentown|#airlines|#warren
70f597dd-2a02-40dc-b62a-174f57123d50,2015-09-10 19:52:00,18900,-73.9740359;40.7494284,26170.2,10,20,#nyfw|#fashion|#bellanyfw15|#nickyhilton|#pyermoss|#fall|#cfda|#mnyfw|#manhattan|#streetstyle|#redcarpet|#irish|#fwpinsider|#celebrating|#aftertheshows|#irelandfashionshowcase|#fwpress|#donnakaran|#misshapes|#urbanzen|#teambella|#ireland|#lilyaldridge|#whitelabelcollective|#gigihadid|#gigi|#nyfw15
9048e1c5-fbee-47a8-b7a8-ce6aa9d35b9b,2015-09-10 20:03:00,18720,-73.9795351053;40.7508062632,1347.71,4,19,#ss16|#nyfw|#clear|#model|#irelandfashionshowcase|#irishdesign|#ireland|#presentation|#nyfwfg|#ncfa|#josephsingh|#casademoda|#style|#runway|#catwalk|#cdm|#team|#hairupdo|#feeg|#heidihiggins|#lucynagle|#haute|#fashion|#helensteele|#kai|#collection|#hair|#jenniferrothwell|#id2015|#frontrow|#trend
6f55ff8a-d279-48b5-8daa-230c40727263,2015-09-11 14:54:00,33300,-73.9987491579;40.7348526184,4710.16,21,76,#nyfw|#jasonwu|#jasonwulive|#cfda|#mjxgloss|#nyfw15|#fwpinsider|#party|#visvimnyfw15|#fwpress|#chapstickplease|#refinery29|#visvim|#29rooms|#fashionshow|#ss2016|#custonyfw|#zangtoi|#maybelline|#style|#cushnieetochs|#projectrunway|#newyorkfashionweek|#rebelartistry11|#fashionweek|#livestream|#supermodels|#chiffon|#clouds|#hermes|#leather|#blue|#dressedtokill|#city|#night|#blonde|#celebrity|#yahooheadquarters|#cocktail|#daydreaming|#streetstyle|#custobarcelona|#ferragamotimepieces|#gorgeous|#controlsector|#withthefellas|#setlife|#supersweet|#bts|#sequins|#amazing|#hautenyfw|#fashionista|#brightlightsbigcity|#juliaroberts|#sky|#chanel|#stellar|#yahoonewslive|#amconyc|#fabuluxe|#ferragamotime|#lovely|#fashionweekssexiestparty|#redcarpet|#jump
d0275dbb-fdaf-4b02-af26-b19ff35efb5b,2015-09-11 15:35:00,29760,-74.0053653559;40.7354679831,1952.0,11,59,#nyfw|#ss16|#fashion|#idancohen|#ncfa|#newyorkfashionweek|#city|#idancohannyfw|#ncfashionassociation|#betseyjohnson|#clarksonsquare|#tartarus|#thegallery|#andrewwernerphotography|#tartarusmag|#runway|#catwalk|#yigalazrouel|#collection|#frontrow|#style|#cushnieetochs|#giulietta|#poloralphlauren|#nyfw15|#prmitv|#tanyataylor|#thewheeloffashion|#jasonwu|#academyofartuniversity|#nofilter|#japanime|#karigam|#fdmlovesnyfw|#blackandwhite|#presentation|#dress|#pier59studios|#ss2016|#chromat|#kye|#primaryfashion|#model|#gonewiththewind|#menswear|#custobarcelona|#backstage|#aaufashion|#maxgengos|#ceoss16|#vitamins|#betseybutton|#brode|#sexy|#beauty|#skyscraper|#neotropico|#makeupartist|#hydration|#runwayshow|#tartarusmagazine
d1d8cbcc-b515-486d-9c36-54ab09ee20cf,2015-09-11 20:25:00,14460,-74.0073042727;40.7277959394,5787.27,10,33,#givenchy|#nyfw|#fashion|#catwalk|#givenchyinnyc|#collection|#frontrow|#riccardotisci|#style|#ss2016|#pamellaroland|#model|#designers|#kimkardashian|#fwpress|#styling|#fwpinsider|#selina|#kanye|#yahooheadquarters|#thecoolestguyinfashion|#rebelartistry11|#nickiminaj|#bts|#nyfwplus
e665baea-5746-40c4-87e9-1bfa314594e1,2015-09-11 11:22:00,26280,-73.9864223571;40.7406111071,14450.79,5,28,#job|#hiring|#careerarc|#retail|#jobs|#skilledtrade|#internship|#hoboken|#jerseycity|#elmhurst|#corona|#jacksonheights
41db80e2-97e2-4bc9-945d-23f7e0629e47,2015-09-12 19:27:00,47640,-73.9959259592;40.7423224286,4795.13,28,98,#nyfw|#herveleger|#nyfw15|#maristfashion|#sonjungwan|#alouettephoto|#streetstyle|#fwpress|#julianamarcs|#frontrowworldwide|#maybellinenyfw|#fwpinsider|#thisarmylife|#fashionistas|#girlsnight|#ss2016|#style|#periscope|#tibi|#wwt|#aveda|#andrewwernerphotography|#karigam|#betseyjohnson|#magazine|#time|#robordonez|#fashionblogger|#bcbg|#marcomarco|#fashionweek|#bcbgmaxazria|#stylish|#selfie|#cityoflights|#citythatneversleeps|#fwpdigitalshows|#bigcity|#jasminechess|#lebain|#osklenss16|#miamoretti|#skingraftdesigns|#newyorktimes|#jillstuart|#dionlee|#h2o|#greenpoint|#wecoordinated|#somanysparkles|#ashaninka|#skingraft|#finalwalk|#ilovetotravel|#instagrampics|#streetart|#custom|#replay|#shafiracouture|#streetfashion|#idancohen|#bigcitylights|#thestandardhotel|#evgenialuzhina|#panor|#live|#chromat|#dosomething|#rooftop|#lubov|#staged|#drybar|#frontrow|#saturday|#spiderbabies|#cartier|#vancleef|#day3|#goldentouch|#redredbrick|#fashiondesigner|#launch|#chanel|#inthejunglethemightyjungle|#model|#girlfriend|#carsonkressley|#inglot|#nystyle|#same|#inlove|#marahoffman|#frankieb|#goyard|#fashionista|#brunch|#love|#fashionshow|#29rooms|#luxurylifestyle|#refinery29|#designer|#girlfriends|#car|#thesweaterdorkinnewyork|#tiacibani|#hermes|#fleurd|#fwpdigitalshow|#clutch|#whentravelingalone|#redeyecures|#osklen|#casting|#alexanderwang|#christiansiriano|#chromatparty|#vip|#avedaaus|#afterparty|#alouetteviaja
0c1f2d4c-e422-4f43-b55d-c71a4cdb441d,2015-09-12 20:43:00,34500,-73.99647356;40.74565578,5733.8,13,50,#fashion|#nyfw|#style|#runway|#sbfw|#collection|#catwalk|#frontrow|#nyfw15|#wwt|#shoes|#model|#magazine|#sonjungwan|#girl|#modellife|#glam|#styling|#design|#instagood|#designers|#trends|#ss2016|#manhattan|#jasonwu|#skylightatmoynihanstation|#saturday|#moniquelhuillier|#jeans|#milkmade|#presents|#designer|#modellifestyle|#mjp|#finalewalk|#mua|#ricardotisci|#mensstyle|#pamellaroland|#fashionlovers|#milkstudios|#launch|#leather|#gladiatorsandle|#music|#allaboutlivingyourlife|#liesangbong|#models|#chromat|#nycfashionweek|#stylish|#detalles|#kanyewest|#black|#color|#moda|#spingsummer2016|#musical|#harlemsgreatblockparty|#kickoff|#fashionweek|#details|#clothes|#lookoftheday|#beauty|#welldressed|#dope|#photography|#crstyles|#aboutlastnight|#vip|#studs|#swimwear|#fashionshow|#ootd|#diginmag
e22d2dcc-5542-4671-829e-7931bb3de905,2015-09-12 13:39:00,61560,-74.0063206522;40.7388627609,2141.2,9,46,#ss16|#nyfw|#jaygodfrey|#model|#karigam|#fashionshow|#andrewwernerphotography|#shotbyaw|#rebeccaminkoff|#show|#catwalk|#531jerome|#backstage|#fashionweek|#debut|#neyorkcity|#sonjungwan|#frankiebhollywood|#finalewalk|#lebain|#chicisthenewgrunge|#dimitrisgiannetoshair|#marissawebb|#shining|#primaryfashion|#menswear|#marcomarco|#chromat|#lofficiel|#metallic|#castingby|#millenium|#1990s|#itsbanana|#instatakeover|#bts|#casting|#bymarinke|#skirt|#dimitrisgiannetos|#metallicpink|#givenchy|#jewlery|#runway|#springsummer2016|#jeffbuckley|#pier59|#pink|#jessicastam|#rose|#kentstetson
d0ed15f6-8959-4c12-9b49-299463f7c868,2015-09-12 03:13:00,35760,-74.011197;40.7207071304,3539.93,6,23,#givenchy|#nyfw|#givenchyinnyc|#riccardotisci|#pier26|#backstage|#grtnyc17|#911|#historyinthemaking|#2015|#amandaseyfried|#kimandkanye|#fashionshow|#deeelite|#debbieharry|#closeup|#hudsonriverpark|#creation|#courtneylove|#afterparty|#kendaljenner|#personalizedinvitation
9be772e3-edfd-4117-9065-afff35675552,2015-09-13 13:35:00,72000,-73.9945020652;40.7518291522,4650.19,15,46,#nyfw|#nyfwstreetstyle|#fwpress|#fwpinsider|#openair|#backstage|#maybellinepr|#jlamarapproved|#fashionshow|#prabalgurung|#finale|#dereklam|#ss16collection|#parazzi|#city|#chiaraferragni|#creolecupcake|#liesangbong|#front|#grtnyc17|#chiaraferragnistyle|#eyes|#hspva|#manhattan|#goldandblack|#twinning|#newyorkfashionweek|#hakkasanyc|#frontrowworldwide|#mnyfw|#blondesrule|#colortatoo|#lsbtakesnyc|#dragrace|#fishyqueen|#chiaraferragnicollection|#fashionweek|#e|#georgine|#versace|#instafame|#haipingxie|#periscope|#kavon|#chanel|#downtown|#fastfashion|#cfdanyfw|#givenchy|#nola|#publicschool|#mykita|#designer|#christinaricci|#vip|#marcomarcofashionshow|#invierno2015|#meeting|#htine|#fashionpolice
24398a56-0018-40f2-91bd-7232180454c3,2015-09-13 17:26:00,32700,-73.9977874;40.74272905,2719.78,8,40,#fashion|#nyfw|#nyfw15|#tartarusmag|#newyorkfashionweek|#tartarus|#city|#style|#runway|#catwalk|#elizabethanthony|#collection|#frontrow|#rachelzoe|#styling|#stylish|#essencestyle|#thakoon|#fashionshenzhen|#essencestreetstyleblockparty|#essence|#dumbo|#nyfwss16|#hats|#fashionblogger|#finale|#hellohi|#laureldewitt|#plaid|#georginestudio|#lace|#dapperstyle|#titan|#www|#pastel|#fashiongram|#carmenjulia|#bowtie|#liesangbong|#tartarusmagazine
485cdeee-b2ab-495e-8fc0-edc6f98ba33d,2015-09-13 18:31:00,31260,-73.9918197179;40.7476708718,2371.08,10,39,#ss16|#nyfw|#andrewwernerphotography|#shotbyaw|#ftlmoda|#sherrihill|#soteenvogue|#ncfa|#liesangbong|#ncfashionassociation|#pier59|#tareksinno|#georgine|#nyfw15|#annasloud|#cfda|#recordingartist|#nailingit|#nyfw2015|#models|#andreawild|#sakura|#fdmlovesnyfw|#liesangbongshow|#runway|#viviennehu|#model|#dannynguyencouture|#georginestudio|#backstage|#arthearts|#grandcentral|#fashion|#fashionweek|#dvf|#vandebilthall|#collection|#repost|#frontrow|#archanakochhar|#gregorosanchez|#fdlivesnyfw|#trend|#actress|#acidnyc|#wild
49516944-5ccf-4bbe-baf8-da113bf8f9d0,2015-09-13 18:20:00,43500,-73.9688903793;40.7510686207,9556.5,12,29,#nyfw|#ftlmoda|#carysantiago|#artheartsfashion|#annasloud|#makeupartist|#makeup|#paolagiancola|#andrewwernerphotography|#party|#alexanderwang|#italianmakeupartist|#wang10|#einatdan|#grandcentral|#vandebilthall|#repost|#sherrihill|#nyfw2015|#mylovely|#sarahazka|#live|#andreawild|#sakura|#ss2016|#shotbyaw|#one10collection|#fwpinsider|#model|#fwpress|#carmensteffens|#gorgeous|#arthearts|#tereksinno|#mywork|#love|#drewbarrymore|#she|#beauty|#collection|#hendrickvermeulen|#shecangetit|#madelinestuart|#vip|#ncfa|#jlamarapproved|#prettyinpink|#prettyonfleek|#luxury|#selfie|#ncfashionassociation
fff92660-2790-4705-8069-f97f126a5be1,2015-09-13 10:43:00,3240,-73.9995333333;40.728434,4500.13,6,12,#nyfw|#maybellinepr|#gracelee|#mixed|#popofcolor|#publicschool|#fwpinsider|#ontherun|#fwpress|#blogger|#patterns|#alltheprettyphotographers|#victoriabeckham|#popart|#ss2016|#finale|#pushupdrama|#carefree|#annawintour
d9a9a957-a284-43b8-bf34-8cdca42a6609,2015-09-14 12:00:00,31860,-73.9913879722;40.74218825,3030.61,20,72,#nyfw|#tommyspring16|#fwpinsider|#fwpress|#pier59studios|#artheartsfashion|#nyib|#ss2016|#latinanyfw|#vanidadesennyfw|#backstage|#frontrow|#ootd|#inthepinkwithmichellerene|#polathomson|#michellerene|#tlm|#style|#threeasfour|#georgine|#marcomarco|#degen|#frontrowworldwide|#yesgawd|#maybellinenyfw|#fashion|#foodporn|#stylefw|#karenwalker|#fashionshow|#marcomarcofashionshow|#day1|#foodie|#makeup|#fashionblogger|#swoon|#finale|#newyorkfashionweek|#mua|#givenchy|#midtowneast|#perfect|#openingceremony|#menswear|#show|#yum|#gothamhall|#catwalk|#unitednations|#makeupartist|#fabulous|#nyfashionweek|#touristy|#nofashion|#fendi|#michellerenedesigns|#cfdanyfw|#frankiegrande|#cheese|#mensfashion|#tthelegend|#zacposen|#fashionweek|#cheeseboard|#sissythatwalk|#whitneymuseum|#cool|#whitney|#fall2015|#rpdr|#sotd|#runway|#model|#styling|#newyorkminute|#rupaulsdragrace|#collection|#museum|#taoraywang|#karliekloss
a59095c6-03af-48a7-99fe-60bff2b55b7a,2015-09-14 12:05:00,37440,-73.9789429286;40.7385521429,3107.76,3,42,#essencestyle|#streetstyle|#dumbo|#positivevibesonly|#nyfw|#essencestreetstyleblockparty|#essencestreetstyle|#beautifulpeople|#essence|#fashion|#fam|#jettjett|#essencestreetstyleblockpart|#raytamarra|#afro|#swag|#ankara|#raytamarraphotography|#nieceslashmodel|#dumbomayor|#footwear|#loafjett|#tarenguy|#patterns|#dolphy
5d126e56-a088-4fd0-9655-526286658872,2015-09-14 18:41:00,16800,-73.9944132812;40.745096625,2337.87,5,32,#ss16|#nyfw|#fashion|#ncfa|#cfda|#oribe|#gabrielacadena|#runway|#collection|#frontrow|#libertine|#catwalk|#theshows|#tomojidai|#style|#emmys|#ncfashionassociation|#toaraywang|#backstage|#jeremyscott|#mariacornejo|#mua|#adeam|#modelbehavior|#makeup|#mansurgavriel|#mitsouly|#vita|#gigihadid|#repost|#rachelantonoff
32e3d408-3a0b-4b0d-9126-ea212b261df9,2015-09-14 15:47:00,37740,-74.156879619;40.8647764286,389449.59,4,21,#job|#hiring|#jobs|#careerarc|#technology|#retail|#veterans|#nonprofit|#facilitiesmgmt|#opensource|#bronx|#it|#finance|#nowhiring|#airlines|#cintasjobs|#longislandcity|#rochester
187bb4f5-386c-40ac-a878-378caf499ee6,2015-09-14 02:35:00,10020,-73.9826884;40.7357818,11092.93,3,10,#nyfw|#givenchy|#marcomarco|#ladygaga|#marcomarcofashionshow|#frontrowworldwide|#party|#aftershow|#fashionweek|#fashionshow|#nightlife|#alexanderwang|#oc|#livtyler|#sissythatwalk|#nyfw2015|#topmodels|#openingceremony|#bananarepublic
146c7470-0471-4426-a8ca-0bdfee3dd17d,2015-09-15 16:51:00,42900,-73.9956264316;40.7465078,12530.51,21,95,#nyfw|#fashion|#nyfw15|#coachspring2016|#michaelcostello|#zacposen|#pamplemousse|#runway|#frontrowworldwide|#style|#collection|#party|#fwpinsider|#menswear|#fwpress|#kiastyle360|#carmenmarcvalvo|#galorexotart|#frontrow|#spring2016|#dreamscometrue|#jeremyscott|#fashionweek|#catwalk|#tommyhilfiger|#carolinaherrera|#angelsanchez|#serenawilliams|#dressers|#me|#harlemglobetrotters|#inspiration|#bluehues|#ss2016|#night|#bobmarley|#nycnights|#amazing|#angelasimmons|#ootd|#finale|#minniemouse|#catchatrend|#pushingthelimits|#julianobis|#chelsealiving|#comingsoon|#ferragamotimepieces|#chic|#jackson|#instakcd|#amexplatinum|#wiw|#ny|#whatiwore|#wedid|#jjj|#reggae|#caroliinaherrera|#showtime|#fit2015|#blondes|#gold|#actors|#cfdanyfw|#uppereastside|#dieselblackgold|#nycprimeshot|#galoremag|#chelseaworking|#tenting|#dbg|#charlesharbison|#highline|#glamour|#junebyjuneambrose|#lesouk|#next|#celfie|#happytuesday|#happhour|#expansion|#almostawrap|#metropolitanmuseumofart|#srylish|#womensfashion|#home|#vision|#aboutlastnight|#ferragamotime|#fashionshow|#cocktails|#otbgroup|#allofit|#fur|#mirroredbox|#manhattan|#elizabethanthony|#gender|#hudsonyards|#hudsonriver|#tents|#dontpanic|#fwpdigitalshows|#nightoff|#travel|#mnyfw|#kellyandmichael|#helenyarmak|#pier59studios|#repost|#backstagefun|#everything|#yetanothertent|#afterparty|#wallst|#madefw|#livestream|#bliss
607ee3b3-66ac-4be5-af97-2a1ee6167330,2015-09-15 18:07:00,31080,-73.9958653043;40.7469326957,1957.54,7,23,#ss16|#nyfw|#stylefwny|#fashion360mag|#f360xnyfw|#stylefw|#womenswear|#oscardelarenta|#malanbreton|#afterparty|#runway|#catwalk|#hanleymellon|#michaelcostello|#skingraftdesigns|#throwingshade|#peir59studios|#lookbook|#jonnycota|#le21eme|#dieselblackgold|#fashion|#fashionweek|#strawhat|#denimandfloral|#adamkatzsinding|#dennisbasso|#collection|#repost|#frontrow|#ootd|#aliceandolivia
4c4a0214-5697-46b2-9c49-60c5327b4fb4,2015-09-15 14:47:00,20520,-74.016582625;40.7926679375,20982.4,3,16,#job|#hiring|#careerarc|#veterans|#jobs|#retail|#technology|#hackensack|#mahwah|#hoboken|#it|#flushing|#sales|#customerservice|#transportation|#projectmgmt
c1b594fb-b9a7-417e-8e80-42b288fe42b7,2015-09-16 13:36:00,20340,-74.0114713218;40.753278797,538445.67,20,202,#job|#hiring|#careerarc|#jobs|#internship|#retail|#marketing|#art|#it|#businessmgmt|#socialmedia|#clerical|#healthcare|#finance|#bronx|#accounting|#skilledtrade|#transportation|#hospitality|#sales|#manhattan|#veterans|#underwriting|#longislandcity|#admin|#realestate|#engineering|#nettempsjobs|#jamaica|#astoria|#northbergen|#webdesign|#woodbridge|#kellyservices|#regopark|#kellyjobs|#howardbeach|#jerseycity|#lasdosfridas|#dialysis|#jacksonheights|#cambria|#foresthills|#airlines|#eastdurham|#thetwofridas|#contemporaryart|#humbertospindola|#queens|#utilities|#corona
344d608e-1cdb-4165-aed2-c57b2c9cbb6a,2015-09-16 21:12:00,8820,-75.7823793924;41.7237457215,226436.22,15,158,#gopdebate|#cnndebate|#chaosonthedais|#burnwithrand|#reefer|#trump|#kasich4us|#mathsucks|#election2016|#trump2016|#themoistening|#gopddebate|#kasich|#tedcruz|#911|#reaganlibrary|#trumptrain|#2016|#kimdavis|#apb|#frontrunnerclass|#whereisthebirthcertificate|#bencarson|#rubio2016|#longread|#killme|#chrischristie|#tiredoldarguement|#republicans|#drink|#marriageequality|#minimumwage|#fop|#omg|#11minutes|#carly|#jebbush|#climatechange|#socialsecurity|#civ5|#mrt|#foreignpolicy|#iraq|#thatsnotsafe|#mileycyrus|#ricksantorum|#itsmyturn|#randpaul|#republicandebate|#isis|#keynesianeconomics|#guncontrol|#carlyfiorina|#att|#nuge|#hildawg|#ohio
ea179eb0-c6e7-420e-9b0d-204b9b1ae387,2015-09-16 16:16:00,44520,-73.9974481271;40.7441126695,3619.31,27,118,#nyfw|#megamodelnyc|#megamodelparis|#megamodelmilan|#megamodeluk|#megamodelmontreal|#naeemkhan|#nyfw16|#greglauren|#groundzerofashion|#artheartsfashion|#groundzero|#ssshinatnyfw|#nyfw15|#streetwear|#annasui|#instagood|#groundzeross16|#love|#nyfashionweek|#follow|#stellanolasco|#me|#gigi|#fashion4feminism|#smile|#bdgatnyfw|#thomaswylde|#bryantpark|#amatonyfw|#nyfwss16|#michaelkorsss16|#petitemeller|#toryburch|#cute|#r3deyerlee|#bowtiesandbigdreams|#insideamato|#yeezyseason2|#delpozo|#estilokika|#fdmlovesnyfw|#style|#michaelcostello|#michaelkors|#kendalljenner|#erlee|#yeswedid|#defjam|#ss15|#menswear|#photooftheday|#rfbackstage|#rachelzoess16|#backstagebeauty|#shoeenvy|#bibhumohapatra|#vogue|#popup|#mobwives|#bossfashionshow|#collection|#tasty|#fabuluxe|#80s|#fashiondailymag|#train|#ootd|#backstage|#70s|#mensfashion|#dkny|#gypset|#2016ss|#glamour|#gettyimages|#michaelstarsnyc|#scentofspring|#moschino|#fabulous|#coachspring2016|#streetstyle|#jcrew|#look|#sparkle|#annawintour|#cfda|#elizabethanthony|#queen|#debbieharry|#michaelkorscollection|#favorite|#demooparkchoonmoo|#fashionweek|#tagsforlikes|#thisisboss|#beauty|#vh1|#rachelzoe16|#rachelzoe|#girlboss|#torysport
02b5ea11-c6f8-4537-aad9-64921ac2562b,2015-09-16 14:35:00,37860,-74.0005442963;40.7433152716,4324.58,13,81,#nyfw|#ss16|#runway|#fashion|#catwalk|#collection|#frontrow|#bibhumohapatra|#theblonds|#onduty|#style|#thedapifer|#andrewwernerphotography|#milkstudiosnyc|#naeemkhan|#shotbyaw|#details|#finale|#parkchoonmoo|#lapetiterobedichiaraboni|#backstage|#retoys|#nyfwss16|#bdgatnyfw|#love|#2016ss|#facebook|#nyfw15|#milkmade|#bettemidler|#bling|#walklikeanegyptian|#georgetakei|#soho|#hawaiian|#senseofspring|#fdmlovesnyfw|#scentofspring|#michaelkorscollection|#fashiondailymag|#moschino|#stellanolasco|#manhattan|#model|#golden|#texture|#michaelkors|#mbfw|#barbie|#preciosa|#gold|#itsallinthedetails|#recycle|#inspiration|#fleur|#springfloralstyling|#sherrihill|#styling|#thomaswylde|#care|#hairtrends|#bye|#fashionshow|#nailedit|#first|#shopping|#reuse|#glamour
b38fbe8b-f555-4628-a165-34ea22c6a262,2015-09-16 01:37:00,65580,-73.994189;40.752908,0.0,3,22,#blurryfacetour|#twentyonepilots|#echosmith
34a81950-94ed-4718-a1bf-7fb681166aa4,2015-09-16 16:51:00,26220,-74.1205698889;40.7097911667,42352.48,8,18,#job|#hiring|#jobs|#retail|#businessmgmt|#nettempsjobs|#warren|#careerarc|#sales|#east|#foresthills|#marketing|#bronx|#healthcare
79cf08cc-14ad-4bff-a959-31aaef27cfe0,2015-09-16 22:29:00,23220,-73.9578222857;40.7891604286,2398.41,3,7,#art|#mjp|#solo|#transformation|#nonahendryx|#show|#music|#wanderlust|#presents|#nofilter|#sculpture|#mixedmedia|#robertindiana|#reflection|#publicsculpture|#igersbsb|#popart|#uptownharlemambassador|#travel|#mirrorselfie|#met|#danitrip|#metal|#tonosusa|#love|#museum|#ball|#instatravel|#first|#empire|#harlem
3ed22c69-b90c-4bf0-b798-3d98b4391485,2015-09-16 05:29:00,60420,-73.9993004;40.7501608,2732.37,4,5,#nyfw|#amatonyfw|#furneone|#artheartsfashion|#amatohautecouture|#foodporn|#love|#smile|#instagood|#ilovenewyork|#follow|#me|#yummy|#cute
5e66e4b3-e9f6-43d7-b8d4-bf4136ec80be,2015-09-17 12:14:00,23700,-73.978066375;40.7422754286,22034.16,7,56,#job|#hiring|#careerarc|#jobs|#internship|#retail|#skilledtrade|#marketing|#sales|#art|#bronx|#elmhurst|#astoria|#freshmeadows|#manhattan|#veterans|#queens|#midtown|#kellyservices|#cliffsidepark|#kellyjobs
ccf0c8cf-6c9f-44a4-aaaa-23cd644c9b5f,2015-09-17 11:57:00,16260,-74.0017911224;40.7387330612,4002.31,8,49,#nyfw|#ss16|#jmendel|#cfdanyfw|#omgilles|#avedalife|#aveda|#avedapro|#avedaaus|#erleeent|#rooftop|#ralphlauren|#presentation|#afterparty|#fashionweek|#milkmade|#greglauren|#fashionshow|#rlrunway|#killingit|#josephineletutour|#deckedout|#singer|#nyclove|#ss16womenscollection|#annasuispring16|#sunsetonfire|#stunning|#owtc|#glss16men|#intheory|#wildwildwest|#loveyou|#juliannemoore|#goodtime|#lbd|#designer|#nycskyline
a2557923-725e-4332-b432-f16e30e4ba65,2015-09-17 18:39:00,16200,-73.9851283846;40.7568807308,2083.38,7,26,#nyfw|#marcjacobs|#marcjacobspremiere|#frontrowworldwide|#ss16|#capsuleshow|#thatnewnow|#nicoleromano|#fashionsfrontrow|#oscardelarenta|#shoes|#fashion|#jessicasimpson|#afterparty|#hellokitty|#onenightonly|#harpersbazaar|#blackcarpet|#tommyhilfiger|#houseofdmarsh
98bdb15c-4315-4951-9343-685a5f339f35,2015-09-17 09:19:00,15780,-73.8982936;40.7258274,13664.51,3,15,#tbt|#classic|#soulmusic|#8track|#legendary|#norrae|#datenight|#thursday|#vintage|#mfsb|#eastcoast|#jaiden|#clothing|#hiphop|#blackflagboyz|#jaslene|#earlyoung|#heatwave|#artist|#norraedaboss|#poloralphlauren|#motown|#likefatherlikeson|#tsop|#ralphlauren|#producer|#collectibles|#music|#dj|#thesistersofdestruction|#justblaze|#dancemusic|#rip|#oldschool|#rap|#polo|#lbfam|#ny
a627dc70-5b3e-40ae-8ed6-f8dde7f90675,2015-09-18 02:32:00,40920,-73.9927353514;40.7505918784,657.38,10,74,#madonna|#rebelhearttour|#madisonsquaregarden|#rebelheart|#livingforlove|#queenofpop|#popmusic|#popculture|#msg|#killingit|#show|#night|#manhattan|#heartbreakcity|#live|#lavieenrose|#likeavirgin|#rocking|#travel|#materialworld|#deeperanddeeper|#trueblue|#amazing|#snap|#lovedontliveherenomore|#bitchimmadonna|#blessed|#queen|#concert|#intothegroove|#mrright|#cometogetherineverynation|#brilliant|#materialgirl|#anotherabsolutefav|#nunforyou|#thatsallfolks|#anighttoremember|#edithpiaf|#damnright|#madisosquaregarden|#celebration|#getitgurl|#encore|#vogue|#bitchiwasatfrontrow|#shehitthatnote|#thelastsupper|#goodnight|#holiday|#coldhardcash|#frontrow|#somadonna|#lovedontlivehereanymore|#longlivehermadgesty|#unapologeticbitch|#good|#guitar|#material
cd3698e9-d22e-4738-a978-8d3b242eb060,2015-09-18 11:20:00,18840,-74.0059758571;40.7558796667,69094.55,6,42,#job|#hiring|#careerarc|#jobs|#internship|#retail|#art|#marketing|#sales|#veterans|#hoboken|#astoria|#fortlee|#englewood|#sussex|#admin|#longislandcity|#bronx|#paramus|#socialmedia
5d8a7b88-c336-4d9e-83c8-3d7655a531f4,2015-09-18 14:13:00,5760,-74.0083673077;40.7238817692,1749.03,4,26,#nyfw|#september11|#celbrity|#lastweek|#grandopening|#topmodel|#theshow|#nyfw2015|#kayodecojewelrylaunchparty|#kayodeco|#kayodecojewelrylaunch|#l4l|#fashionunderground|#friday|#kayodecojewelry|#misamigasfashionistas|#backstage|#fbf|#wcw|#bpfashionimagen|#susannebartsch|#nycnightlife|#friends
bb5fa235-c31b-42d1-8256-3d6ee9791f83,2015-09-19 14:13:00,31440,-74.0808693684;40.7202718947,46782.73,4,19,#job|#hiring|#careerarc|#jobs|#marketing|#internship|#it|#retail|#warren|#nettempsjobs|#hoboken
309a5e99-39d8-4bab-9244-618f8a9f6545,2015-09-19 08:59:00,69420,-73.947622;40.7364213,37904.73,3,10,#job|#retail|#hiring|#jobs|#bayside|#careerarc|#webdesign|#woodbridge|#edgewater|#flushing
bcd31168-783b-4d22-8f61-108d219e8f90,2015-09-20 08:56:00,26520,-74.01513385;40.73977847,107432.25,10,100,#job|#hiring|#careerarc|#jobs|#internship|#retail|#marketing|#sales|#art|#socialmedia|#it|#businessmgmt|#clerical|#hoboken|#manhattan|#boonton|#englewoodcliffs|#webdesign|#teaneck|#bronx|#veterans|#pittstown|#elmhurst|#fortlee|#nettempsjobs|#infosec|#warren|#flushing|#ridgefieldpark
da018c9b-c1a7-4603-a71d-d25756cc4240,2015-09-20 13:15:00,21660,-73.9923040667;40.6919719333,2257.94,3,15,#travel|#writetotravel|#lpinstatakeover|#danitrip|#wanderlust|#ny|#brooklynbridgepark|#manhattan|#rebelheart|#sky|#lastnight|#nature|#nytimes|#jetsetters|#thenewyorktimes|#nighlife|#brooklynbridge|#nutella|#livingforlove|#citythatneversleeps|#wedding|#madonna|#pizza|#instatravel|#poshbar|#neverwanttoleave|#iloveny
cdbc2de7-a5c0-4bfa-9be1-7f64d9fab06f,2015-09-20 23:13:00,18660,-73.9910666;40.7436892,2233.35,3,10,#manhattan|#citythatneversleeps|#jetsetters|#iloveny|#thisishometome|#timessquare|#neverwanttoleave|#oneworldtradecenter|#empirestateofmind|#fabricdistrict|#sparklynails|#thatsrandom|#beautiful|#thegrind|#empirestatebuilding|#viewfromabove|#model|#day|#projectrunway|#mooddesignerfabrics|#mostfavecity|#modelsoftheworld|#thebestcityintheworld|#view|#travelmyplanet|#britishhusband|#latergram|#freedomtower|#financialdistrict|#nextstopthebikinizone
1aeb04ec-5603-43a2-bd27-a2e6e7998b37,2015-09-21 09:36:00,30240,-73.9769210164;40.7412460656,20711.77,8,61,#job|#hiring|#careerarc|#jobs|#retail|#internship|#marketing|#sales|#art|#it|#nonprofit|#bronx|#elmhurst|#socialmedia|#jamaica|#jerseycity|#webdesign|#manhattan|#queens|#astoria
37c86702-9ffe-445d-b3e3-5b3afb968424,2015-09-23 21:34:00,3960,-73.918647;40.6822279,16283.19,5,20,#empire|#empirefox|#empireseason2|#pimpin|#lucsiouslyons|#cookie
03ea30d8-305b-41fb-9d80-b84d7bd900a4,2015-09-23 11:53:00,27180,-74.1503964706;40.7275621176,39072.02,3,17,#job|#hiring|#careerarc|#jobs|#businessmgmt|#internship|#nettempsjobs|#retail|#warren|#hoboken|#englewoodcliffs|#fortlee
c1c7423b-4069-4e67-af4f-286832f0f2ad,2015-09-25 10:24:00,8040,-74.06306875;40.834544875,179807.11,4,16,#popeinnyc|#popefrancis|#unga70|#popeinus|#inquirer|#let|#papalvisitlive|#malala|#educationforall|#schoolforgirls|#boehner|#unga|#commonhome|#popeatun
4573748f-63d2-4609-b7ab-135165ecf63f,2015-09-25 18:00:00,38340,-73.9927861636;40.7505279709,0.0,4,11,#popefrancis|#birthdaybehavior|#msg|#libraseason|#bivatmsg|#biv|#papal|#bwaybeauty|#popefrancisnyc|#popeinusa|#pocketpope|#normlewis|#papalvisit2015|#madisonsquaregarden|#hallelujah|#thelordsprayer|#papalfangrrl|#mass
42421456-69df-4e64-8e0c-64af9f8e5a4a,2015-09-25 12:32:00,3720,-73.9924603333;40.7438846667,1799.34,3,3,#popefrancis|#papalvisit2015|#papalfangrrl|#msg
c8f23755-4abc-4d64-9fed-d2dc2d8818a3,2015-09-27 13:45:00,19500,-73.9525904048;40.7829304721,35.51,4,33,#2030now|#socialgood|#globalgoals|#telleveryone|#globalcitizen|#sgs2015|#futbol|#youth4sdgs|#globalgoalone|#mhealth|#cwnyc|#ict
da0ba26e-b603-4e3b-8677-9daf3de56f7a,2015-09-27 11:41:00,59940,-73.9737496159;40.7775879659,941.18,3,17,#globalcitizenfestival|#globalcitizen|#centralpark|#beyonce|#coldplay|#edsheeran|#101smiles|#alive|#bootylicious|#common|#crazyinlove|#sting|#ijustusedthehashtagbootylicious|#whydidnttheyplayevenflow|#bloodstream|#vivalavida|#pearljam
851d04be-369d-44fd-a3af-e453dfba6b05,2015-10-01 19:40:00,3900,-73.992903055;40.749075942,6113.57,3,20,#love|#onthetable|#foodspotting|#fs|#food|#rufio08|#foodporn|#foodgasm|#foodphotos|#samelove|#vacaciones|#lebernadin|#bufandita|#lluvia|#1969|#imperdible|#stonewall|#amigos|#freedom
4fd321d0-240f-45cd-802a-9e72d0d4a355,2015-10-02 21:47:00,8940,-73.9757777736;40.7631172914,2063.25,4,14,#art|#moma|#holidays|#2015|#museumofmodernart|#picasso|#dress|#rose|#scorsesecollects|#lightbulb|#architecture|#warhol|#elvis|#design
13916460-881a-4405-b80d-05b2c2a793c1,2015-10-04 23:18:00,9180,-73.9766726631;40.7263077015,22179.27,3,13,#art|#streetart|#urbanart|#graffiti|#ny|#us|#travelling|#usa|#tileart|#travel|#bigapple|#tourist|#eastcoast|#eye|#feliz|#east|#spaceinvaders|#mosaic|#emotions|#britabroad|#lifestyle
8d00f85a-717b-4e5e-bf1f-70254c31778d,2015-10-06 13:48:00,35340,-75.3877781407;42.5365435074,249425.38,4,27,#job|#hiring|#healthcare|#careerarc|#jobs|#rochester|#albany|#veterans|#retail|#jerseycity|#hospitality|#glenmont|#it|#jamaica|#atlanta|#finance
1f650d5d-6d74-4abd-9899-572f9a4993b3,2015-10-07 16:04:00,26220,-74.0084252686;41.0177023829,52916.1,7,35,#job|#hiring|#careerarc|#jobs|#sales|#internship|#retail|#albany|#marketing|#ny|#veterans|#pilotjobs|#jamaica|#aerospace|#newjersey|#skilledtrade|#customerservice|#airlines|#socialmedia
7c4635ab-8a7e-41ea-bcbd-c15754afc7e5,2015-10-07 00:31:00,7140,-73.9858181404;40.7584574988,381.46,3,24,#love|#manhattan|#timessquare|#cool|#rufio08|#toysrus|#picoftheday|#instagood|#lategram|#sardis|#ferriswheel|#night|#mathilda|#nycpd|#usa|#traveling|#places|#trex|#journey|#lucillecorn|#lucilleball|#minion|#daveandbusters
a3cab23c-1768-4a6c-9120-8377ad94a018,2015-10-07 11:55:00,60660,-73.9415178556;40.7393953667,18342.1,3,9,#job|#hiring|#jobs|#aerospace|#jerseycity|#laguardia|#transportation|#retail|#elmhurst|#pilotjobs|#freshmeadows|#airlines|#supplychain|#driver
13a991e0-c82a-4bf5-974f-1f9ae259a24e,2015-10-08 15:39:00,31020,-74.0004050849;40.7573532,1094.4,20,74,#nycc|#starwars|#idrivefor|#jurassicworld|#eastsidemags|#convention|#hulkbuster|#wetaworkshop|#batman|#dccomics|#warcraft|#jurassicpark|#scifi|#gameofthrones|#bfh|#ownet|#comicon|#ironman|#funkopop|#thehungergames|#501stlegion|#thedoctor|#hungergames|#excited|#aot|#gore|#statue|#nerdlove|#funko|#geekingout|#midtowncomics|#namahshivaya|#saywhat|#waldo|#blackdeathcrew|#policebox|#darthvader|#javitsconventioncenter|#pop|#harleyquinncosplay|#guardiansofthegalaxy|#robocop|#alias|#hasbro|#avengers|#carllumbly|#tardis|#thetudors|#snk|#soccer|#timelord|#doctorwho|#ferry|#shadowhunters|#americancancersociety|#teamrocket|#jellybelly|#scoobydoo|#nataliedormer|#curecancer|#horror|#groot|#bbc|#sithlord|#biolante|#godzilla|#thehobbit|#epicbottles|#whereonearthiscarmensandiego|#stoormtrooper|#su|#adventure|#marvel|#blastingoffagain|#joker|#football
a32a9528-7047-452d-9e3a-10e3c48a1d4d,2015-10-08 17:09:00,36600,-73.9996530346;40.7571128529,242.45,12,69,#nycc2015|#nycc|#newyorkcomiccon|#newyorkcomiccon2015|#newyorkcomiccon15|#nycc15|#thewalkingdead|#cosplay|#manofsteel|#starwars|#superman|#darkknight|#dawnofjustice|#harleyquinn|#r2d2|#batman|#marvel|#loves|#twd|#eastcoast|#spiderman|#sideshowcollectibles|#amazingspiderman|#hulkbuster|#kawaiiunit|#samanthabee|#batmanvssuperman|#wariscoming|#warcraftmovie|#dragonballgt|#agentcarter|#avengers|#pepsiperfect|#thewalkingdeadgame|#model|#worldofwarcraft|#game|#ironthrone|#halo|#bb8|#freddykrueger|#alliance|#maryjane|#thesimpsons|#cosplayer|#javitsconventioncenter|#futurewife|#benaffleck|#valiant|#bttf2015|#henrycavil|#badass|#forthealliance|#captainamerica|#lowpower|#zombie|#shehulk|#triforce|#dccomics|#theflash|#halloweenstyle|#nightmareonelmstreet|#thejoker|#feliciaday|#senpai|#pokemon|#spidey|#gamesofthrones|#valiantcomics|#freddy|#stairways|#batfleck|#starwarsrebelsseason2
f7cc337a-f301-40e6-ba83-2fc0d37333c9,2015-10-08 18:00:00,34140,-74.0001058817;40.75677848,863.76,8,36,#nycc|#comiccon|#cosplay|#comiccon2015|#forfansbyfans|#manhattan|#gameofthrones|#comicconnyc|#javitscenter|#jem|#jemandtheholograms|#got|#impracticaljokers|#mua|#nyib|#midtown|#makeup|#newyorkcomiccon|#fixmywig|#javitzcenter|#wig|#jasonvoorhees|#serlorastyrell|#kevinsmith|#batmanvsuperman|#costume|#worldofwarcraft|#backtothefuture|#horrorfan|#amazeballs|#dbz|#comicconspb|#keishacastlehughes|#makeupartist|#empirestage|#deadpool|#travel|#batmanarmor|#batman|#misfits|#monsterdanceparty|#lotr|#judgedredd|#subzero|#oitnb|#mkx|#mario|#comicbookmen|#pizazz|#hair|#hairstylist|#wigwork|#love|#finnjones|#nataliedormer|#empirehall|#selfie|#dcsuperherogirls|#obarasand|#batmancowl|#artist|#youngestfan|#margaerytyrell|#attackontitan
c7ada07c-78a2-4421-8304-a404597c83a7,2015-10-08 15:17:00,40920,-74.0788033226;41.0655753129,379940.83,4,31,#job|#hiring|#transportation|#driver|#veterans|#careerarc|#longislandcity|#jobs|#education|#technology|#jerseycity|#virtualnycity|#it|#projectmgmt|#cambridge|#insurance|#glenville|#finance|#atlanta|#albany|#hospitality|#supplychain|#healthcare|#businessmgmt
a45548dd-ba6a-4c6c-b14d-18c59402f1a0,2015-10-08 20:38:00,38100,-73.9988331276;40.7549958292,1910.1,4,25,#ny|#nycc|#manhattan|#marissajade|#miketyson|#nycc15|#nosocks|#streetfighter|#firecar|#nyfd|#capcom|#cammy|#noregrets|#newyorkcomiccon15|#october|#newyorkcomiccon|#legs|#narrowhouse|#brucelee
7885c298-f4a3-4bc1-a6db-20582f88726d,2015-10-09 13:49:00,49380,-73.9975618883;40.7550467168,19115.48,14,72,#nycc2015|#outerrimtoys|#outofthetoyboxjewelry|#nycc|#ecuadorpresentenycc2015|#megabloks|#undertowtrilogy|#comics|#nerd|#dannyglover|#megaman|#lethalweapon|#tonystarks|#buildinghasmutated|#cluttermagazine|#batman|#dkiii|#reedpop|#startrek|#sgtslaughter|#dbz|#andyknightley|#comicsfl|#halloween|#msmarvel|#captainamerica|#green|#makecomics|#undertow|#megablocks|#mrfusion|#lucy|#booth603|#megablocksenterprise|#603|#charliebrown|#princeofthesaiyans|#marvel|#dazzler|#poisonivy|#jimlee|#peanuts|#sithlord|#starwars|#watchmen|#peterparker|#sketchbook|#hulk|#labbit|#lego|#dccomics|#hailtotheking|#love|#poweroflove|#luasuicide|#theworldsend|#inktober2015|#vegeta|#brucebanner|#men|#draw|#marajade|#garyking|#carnage|#darthvader|#mockingbird|#deloreantimemachine|#suicidegirls|#infecteddunny|#hawkgirl
7cf894df-239f-4ffb-88c7-ca28ff7d39c0,2015-10-09 14:29:00,32880,-74.0005302413;40.7563086035,1395.02,16,62,#nycc|#marvel|#nycc2015|#bae|#ashvsevildead|#batman|#dkiii|#agentsofshield|#ironman|#pepper|#comiccon2015|#wonderwoman|#ouat|#photoop|#salt|#smoshgames|#1|#jennifermorrison|#pirates|#uber|#booth110|#friday|#avengers|#couple|#ohyeah|#thatsthestuff|#maninthehighcastle|#epicbottles|#alexadavalos|#starwars|#darkknight30th|#darkswan|#chloebennett|#raptor|#captainamerica|#clarkgregg|#mynewprecious|#day2nycc|#figurine|#emmaswan|#daredevil|#wonderwomanrules|#djqualls|#geeklife|#nickelodeon|#civilwar|#frankmiller|#geeks|#blacksails|#afterparty|#nerds|#goodtimes|#jurassicworld|#jessicajones|#mishka|#selfie|#fun
fedec691-67ec-4217-a195-2bfec1fca22b,2015-10-09 20:10:00,16140,-73.9928862249;40.7506633396,545.51,8,47,#twdfanpremiere|#twd|#thewalkingdead|#nycc|#thewalkingdeadfanpremiere|#yay|#twdseason6|#twdpremiere|#twdamc|#walkingdeadfanpremiere|#msg|#walkingdead|#yes|#emilykinney|#survival|#nycomiccon2015|#darlydixon|#walkingdeadpremiere|#scottwilson|#goddess|#normanreedus|#nbd|#stevenyeun|#badass|#laurencohan|#yeahbitches|#lucille|#chandlerriggs|#michaelcudlitz|#alcohol|#jonbernthal|#herschelshead
70334b56-5f69-4dd5-9296-6f1a87d4635e,2015-10-09 17:38:00,29520,-74.0006989938;40.7564072564,2669.56,12,39,#comiccon|#cosplay|#nycc|#nyccomiccon|#nycc2015|#javitscenter|#nyccc|#batman|#charactersofcomiccon|#manhattan|#comiccon2015|#anime|#jacobjavitz|#comics|#spiderman|#2015|#makeupartist|#vscocam|#greenhair|#mortalkombat|#jasonvoorhees|#havingfun|#spartan|#lolz|#90skid|#deathstroke|#yellowcab|#friday|#victorfries|#thepurge|#adamwest|#posiden|#music|#redhood|#scarecrow|#vertigo|#fridaythe13th|#80sbaby|#batmanvsuperman|#cartoons|#akuma|#characters|#newyorkcomiccon|#robocop|#powerrangers|#beetlejuice|#ninjaturtle|#uatuthewatcher|#wwe|#nightcrawler|#ironman|#iaintafraidofnoghost|#dcuniverse|#statue|#snapback|#harleyquinn|#uncleben|#carlister|#tmnt|#greenlips|#dog|#greeneyeshadow|#mutant|#cute|#ultimatewarrior|#brotime|#hairstylist|#geeklife|#lordoftherings|#batmanandrobin|#selfie|#movie|#wizardofoz|#darkknight|#dorthy|#bae|#mrfreeze|#drfreeze|#doggy|#sapporo|#chappiemovie|#ghostbusters|#marvelcomics|#sarahmaclachlan|#frankmiller|#godzilla|#vforvendetta|#dk3|#fatalitys|#adorable
fe1f557d-74b0-427b-a34b-01215def6b59,2015-10-09 19:21:00,40980,-73.9982911374;40.7569456277,386.69,7,35,#newyorkcomiccon|#nycc|#nycc2015|#newyorkcomiccon2015|#comics|#cosplay|#comicon2015|#batman|#geekweek|#hildayu|#manofsteel|#clarkkent|#darkknight|#harleyquinn|#dccomics|#comiccon|#mariobros|#toomanycooks|#starfire|#teenwolf|#raptor|#backtothefuture|#geek|#wikia|#fdny|#slade|#gravityfalls|#adultswim|#mutekisales|#starwars|#fantasticfour|#sladewilson|#suicidesquad|#potterhead|#huntress|#wikiafoodtruck|#jellybeans|#batgirl|#mario|#foodporn|#batfamily|#whovians|#spiderwoman|#deathstroke|#powergirl|#beterrific|#arrow|#supergirl|#drdoom|#mabeljuice|#spidergirl|#stormtrooper|#harleyquinncosplay|#jellybelly|#agentsofshield|#snowcone|#greenarrow|#ironman|#jurassicworld|#backtothefuture2|#deadshot|#luigi|#hellboy
75886205-c04f-4f38-84cc-9e1b6bd536eb,2015-10-09 12:34:00,46560,-75.4598541593;42.0124762556,241393.56,4,27,#job|#hiring|#careerarc|#jobs|#longislandcity|#rochester|#healthcare|#accounting|#transportation|#driver|#kellyservices|#kellyjobs|#warren|#baskingridge|#copenhagenmunicipality|#woodbridge|#hoboken
b196f4c9-725a-4ce6-96c6-0c43db6310ac,2015-10-09 11:16:00,45780,-73.97712991;40.76148016,0.0,3,26,#moma|#picasso|#sculpture|#warhol|#artgroupie|#jenyc|#midtown|#lunch|#rittenhouserye|#starrynight|#icecube|#love|#andy|#fancy|#soup|#shadow|#monet
01764c0e-5f39-4c02-9cc5-69ba05de8136,2015-10-10 14:18:00,32340,-74.000053795;40.7538589151,2996.93,22,106,#nycc|#jessicajones|#marvel|#daredevil|#comiccon2015|#squareenix|#playarts|#batman|#nycc2015cosplay|#backtothefuture|#ashvsevildead|#javitscenter|#davidduchovny|#nathanfillion|#xfiles|#tenticlekitty|#nycc15|#thexfiles|#ruggedlyhandsome|#bobafett|#gopro|#spiderman|#darkswan|#backiithefuture|#malec|#501stlegion|#southerncaliforniagarrison|#sharethelove|#spaceballs|#thelibrarians|#lonegunmenrbk|#browncoats|#jennifermorrison|#wtnv|#docbrown|#newvegas|#lukecage|#starwars|#mikecolter|#priceless|#rebeccaromijn|#prettylittleliars|#walkingdead|#deadpool|#javitzcenter|#mitchpileggi|#welcometonightvale|#sleepyhollow|#daryldixon|#thor|#fairlyoddparents|#tardis|#foxmulder|#lifeisstrange|#thelastofus|#ouat|#twitter|#freddiemercury|#xmen|#onceuponatime|#emmaswan|#crimsonchin|#mets|#chriscarter|#501st|#michonne|#theshannarachronicles|#ultrajump|#stormtrooper|#doctorwho|#repost|#himotoumaruchan|#mcfarlanetoys|#ironman|#fallout3|#martymcfly|#fallout4|#bbc|#abcfamily|#arkhamknight|#pepsi|#supermanvsbatman|#truecolors|#nuffsaid
c7862361-0741-438f-8c08-29deb3243de7,2015-10-10 17:15:00,40200,-74.0008409944;40.7571771394,1749.62,17,82,#nycc2015|#nycc|#nycc15|#harleyquinn|#batman|#deadndrippin|#wonderwoman|#netflix|#comiconnyc|#marvel|#suicidesquad|#deadpool|#xfiles|#603|#idbuythatforadollar|#terrybogard|#batmanvsuperman|#thefallofharbinger|#gameofthrones|#teenagemutantninjaturtles|#daredevil|#billmurray|#sgtslaughter|#bulletproofcomics|#dawnofjustice|#vaca|#jessicajones|#mk|#xfiles2015|#metalgearsolid5|#wwenetwork|#bookofdeath|#tmnt|#shield|#batman1989|#wwe|#bulletproof|#cosplayer|#cobraclutch|#marvelcomics|#kidrobot|#dccomics|#valiant|#nbd|#ninetails|#dc|#fatality|#mario|#ed209|#wrestling|#thorhammer|#warnerbros|#timessquare|#dead|#rikku|#the13dunny|#ucantseeme|#afrosamurai|#marveltelevision|#love|#mariobros|#sports|#mgsv|#batmanandsuperman|#scorpioncosplay|#littleshopofhorrors|#lightning|#naruto|#intheroomwhereithappens|#bigboss|#phantompain|#robocop|#marvelstudios|#movie
71d8dc1f-393f-4581-8cb5-eff22435943a,2015-10-10 18:16:00,55560,-73.9890597876;40.7513250076,26888.55,17,82,#nycc|#nycc2015|#comiccon|#newyorkcomiccon2015|#newyorkcomiccon|#cosplay|#freaks|#nycc2015cosplay|#geeks|#cosplayer|#costumes|#nycc15bk7|#ashvsevildead|#havingfun|#comics|#starwars|#spiderman|#superman|#jacobjavitz|#mkismk|#amazing|#doctorwho|#cosplayersofinstagram|#clarkkent|#army|#halo|#halo5guardians|#art|#xfiles|#iloveit|#halo5|#iloveny|#day3|#beautiful|#worldofwarcraft|#warcraft|#medieval|#jurassicworld|#manhattan|#dogsofinstagram|#jurassicpark|#darkjeans|#fave|#anime|#msmarvel|#mermeids|#elite|#spiderverse|#sereias|#tadashihamada|#chewbacca|#funtimes|#masterchief|#honeylemon|#thelegendofzelda|#gijoe|#nanagouvea|#yugioh|#servicedog|#raptorsnycc|#cobra|#jacobjavitscenter|#gimmetheperks|#margaritas|#plasmarifle|#mandms|#ursa|#bighero6|#ny|#dococ|#guitar|#thewalkingdead|#raptor|#jurrasicpark|#amcintothebadlands|#wetaworkshop|#progressive|#marvel|#makeupartist|#buckybarnes|#gettingintocharacter|#powerrangers|#mosaic|#exercito|#sonic|#r2d2|#velociraptor|#x23cosplay|#starwarsanimation|#aceventura|#firefly|#gogopowerrangers|#candy|#incredibles|#nycc15|#timessquare|#saturday|#carnage|#spidey|#tailsthefox|#espeon|#freddy|#redranger|#bccamerica|#whereswaldo|#intothebadlands|#spaceballs|#thewarriors|#troma|#fog|#dancoff|#gwenstacy|#rings|#waldo|#multiverse|#shaunofthedead|#captainmarvel|#japaneseschoolgirl|#disney|#zelda|#eeveelution|#yestothis|#tardis|#spidergwen|#tails|#daredevil|#spartan117|#umbreon|#jurrasicworld|#hairstylist|#coneyisland|#dog|#silk|#sangheili|#uatu|#link|#disneycosplay|#jimcarrey|#eastcoast|#soexcited|#pixar|#sleepyhollow|#pterosaur|#totaljeans|#chadcoleman|#swords|#xfiles2015|#carmensandiego|#warriors|#marykate|#freddykrueger|#villains|#spartanlocke|#sonicthehedgehog|#dancing|#stormshadow|#zod|#cybermen|#thursdaynight|#maravilhoso|#badgeofhonor|#x23|#awesome|#jessicajones|#fogmachine|#nintendo
67cf0937-b99d-4f85-b617-d66cdcdb2efb,2015-10-10 20:53:00,23160,-73.9931422948;40.7546922178,17108.56,5,27,#ny|#nycc|#nycc2015|#newyorkcitycomiccon2015|#eastcoast|#saturday|#javitscenter|#art|#event|#fdny|#capcom|#wetaworkshop|#streetfighter|#batmanvsuperman|#polopirate|#oneworld|#warnerbros|#warcraft|#dccomics|#movie|#oneworldtradecenter|#dannyglover|#finnjones|#superheroes|#gameofthrones|#actor|#spidermannomore|#thaifood|#bulletproofcomics|#buildings|#akuma|#hordak|#quanchi|#thai|#mortalkombat|#batman|#cocktail|#bluepuketisland|#mastersoftheuniverse|#thairestaurant|#ultimatefallout|#heman|#oneworldobservatory|#movies|#skyscraper|#evillyn|#nyc2015|#cocktails|#keishacastlehughes|#comics|#robocop|#nj
cbe43bde-aae6-4d09-acd3-25b4fbd62abb,2015-10-10 16:11:00,56220,-74.5479921357;41.0781357357,346740.94,3,14,#job|#hiring|#jobs|#driver|#jerseycity|#sales|#healthcare|#rochester|#careerarc|#accounting|#ridgefieldpark
615254b0-e8f6-4efe-a4a5-be9326a2f09a,2015-10-10 13:42:00,30240,-75.5622629571;41.7873511214,230782.28,3,14,#job|#hiring|#jobs|#careerarc|#healthcare|#rochester|#longislandcity|#driver|#accounting|#mahwah|#woodbridge|#kellyservices|#kellyjobs|#hoboken
4b93bf5d-79b2-47e3-8b42-0f230dceb2ee,2015-10-10 12:10:00,6600,-73.9460316767;40.719737575,11384.55,4,6,#ny|#pole|#photoofaphoto|#library|#publiclibrary|#beer|#lager|#polefitness|#local|#newyorkpubliclibrary|#joy|#fifthavenue|#brooklynbridge|#jump|#casual
d515e1bf-b980-482f-afd7-7b02309c6f81,2015-10-11 13:30:00,71160,-73.9982087727;40.7569042307,512.11,5,82,#comiccon|#nycc|#newyorkcomiccon|#nycc2015|#newyorkcomiccon2015|#fun|#love|#freaks|#cosplay|#music|#geeks|#people|#city|#house|#manhattan|#buildings|#batman|#comics|#spiderman|#javistcenter|#car|#girls|#harleyquinn|#venom|#starwars|#wonderwoman|#msmarvel|#batmanbeyond|#harleyquinncosplay|#starlord|#guardiansofthegalaxy|#agentcarter|#powerrangers|#carnage|#ironman|#mario|#pikachu|#tinkerbell|#justiceleagueunlimited|#darkknight|#justiceleague|#mariobros|#pig|#amazingspiderman|#wolverine|#thearkhamknight|#ladytsunade|#superman|#deathstroke|#bombshellwonderwoman|#gijoe|#symboite|#huntress|#blackcat|#thor|#cobra|#redhood|#panel|#stormtrooper|#whiteranger|#pokemon|#ny|#naruto|#theflash|#groot|#terra|#twd|#thewalkingdead|#batgirl|#droct|#tonystark|#pop|#penguin|#thepenguin|#deedee|#figure|#rocketracoon|#giant|#captainamericascheerleaders|#bombshellwonderwomancosplay|#zombie|#supergirl|#milenna|#droctopus|#disney|#michonne|#giantfunkopop|#puppy|#zatanna|#blueranger|#chewbacca|#marshmallowman|#hulkbuster|#spaceballs|#madhatter|#spideyverse|#harleyquinnsgranddaughters|#spidey|#logan|#multiverse|#jaygarrick|#zombies|#lamuerte|#bighero6|#daredevil|#marvel|#gorillagrodd|#selfie|#staypuffmarshmallowman|#rogue|#danceoff|#pepperpotts|#greenarrow|#supermanbeyond|#teentitans|#ghostbusters|#bookoflife|#lol|#therealbarf|#grodd|#pyslocke|#mortalkombat|#goosebumps|#baymax|#ceshirecat|#maryjane|#luigi|#nintendo
4dcae9b0-06bc-4439-a146-57593704f5cc,2015-10-11 18:13:00,41760,-73.9987465209;40.7605784171,10566.36,14,68,#nycc|#sleepyhollow|#starwars|#womenofmarvel|#ashvsevildead|#batmanvssuperman|#inuyasha|#jellybeans|#kids|#jellybelly|#comiccon|#sorrynotsorry|#zerzes|#wonderwoman|#nycomiccon|#theirwasabountyoutforme|#spidergwen|#todamnlazy|#mynameisoliverqueen|#rebelscum|#aot|#sleepyheads|#deadquinn|#nycomiccon2015|#boomstick|#harleyquinn|#deadringerforsimonpegg|#iamakindgod|#corpsebride|#suicidesquad|#artistalley|#deadpool|#starwarsjellybelly|#bobafett|#officalcosplayer|#captainamericasweetheart|#gamora|#cosplayer|#jewelstaite|#batman|#bodywashurting|#dccomics|#tobeautifulforwords|#tardis|#300|#wizardlife|#r2d2|#ginatorres|#girlpower|#agentcarter|#sundayfunday|#saga|#yoda|#awesomecosplay|#nathanfillion|#shaunofthedead|#spiderham|#arrow|#ladiessupportingladies|#doctorwho|#comicsamongus|#firefly|#marvel|#daredevil|#thecosplayiwasgoingtodo|#daughter|#princessleia|#timburton|#starlord
6cb244c8-2b8f-4494-a9db-cae24ebb8a80,2015-10-11 18:37:00,29820,-73.999907683;40.7571362489,323.07,9,56,#nycc2015|#nycc|#newyorkcitycomiccon2015|#ny|#javitscenter|#eastcoast|#event|#geekalert|#comiccon|#legendsoftomorrow|#lenda|#harleyquinn|#altmodel|#boxing|#deadndrippin|#sleepyheads|#mrmiyagi|#poisonouspinups|#miketyson|#gundam|#jurassicworld|#venue|#manubennett|#cybergothquinn|#daryldixon|#teenagemutantninjaturtles|#thankyou|#princessfiona|#krang|#busterarmor|#rorschach|#ashvsevildead|#tmnt|#cybergoth|#viral|#artistalley|#deadpool|#nymodel|#cosplayers|#denofgeek|#marketing|#watchmen|#batman|#marvelcomics|#wbnycc|#toys|#iceking|#jellybeans|#tardis|#magazine|#drdoom|#tvseries|#betsyross|#brandonroth|#jellybelly|#dragonballz|#brucecampbell|#marvel|#ironman|#colony|#dinosaurs|#adventuretime|#celebsightingnyc
1bc0da9f-dcca-4f01-a133-4406301062e9,2015-10-11 17:40:00,47100,-74.0010071542;40.756949826,393.1,10,50,#cosplay|#nycc|#nycc2015|#comiccon|#nycc2015cosplay|#newyorkcomiccon|#javitcenter|#nycomiccon|#drhorrible|#captainhammer|#comiccon2015|#starwars|#theworried|#thefifthelement|#christucker|#awesome|#soa|#asami|#eazye|#superman|#ps4|#ps3|#masterchief|#presslounge|#halo|#thor|#psn|#dccomics|#thetoxicavenger|#whatarethose|#blackcanary|#sailormoon|#geek|#breakingbad|#twd|#thewalkingdead|#superhero|#costume|#theadaamsfamily|#womenofmarvel|#twistie|#tromaville|#catwoman|#thelittlemermaid|#bae|#heisenberg|#chibichief|#disney|#michonne|#firefly|#bungie|#tyreese|#harleyquinn|#ralphkramden|#netflix|#comicconcentral|#troma|#geekalert|#ashvsevildead|#cousinit|#oitnb|#ratchetandclank|#whatarethis|#thesims|#onesie|#geeklife|#kyloren|#toxie|#ahs|#marvel|#clown|#silenthill|#clarkkent|#343industries|#freakazoid|#bluemeth|#thehoneymooners|#chief|#warriors|#bar|#nyccosplay|#press|#nwa|#orangeisthenewblack|#dc|#ariel|#kids|#flash|#daftpunk|#americanhorrorstory|#chibi|#sasha|#theforceawakens
b5657809-8aa5-4e51-b4fb-dededc275be1,2015-10-11 13:40:00,24240,-76.3032924364;42.2241855636,259315.49,3,11,#job|#hiring|#healthcare|#jobs|#rochester|#careerarc|#driver|#tintonfalls|#retail
9dded0d3-1cea-4f61-9f35-2d531ad2798e,2015-10-12 22:01:00,7260,-74.1612209935;40.7276201642,69604.48,5,31,#mets|#nymets|#mlbplayoffs|#nym|#mlbpostseason|#nymvslad|#nlds|#lgm|#letsgomets|#mlb|#scoremoredamnruns|#harveyday
ecfc31ad-aa37-48dd-a0bf-e27e0a634e06,2015-10-12 10:57:00,7860,-73.9916872386;40.7497205229,2030.71,3,7,#nybfw|#bridalmarket|#nybw|#bridal2016|#bridal|#bridalwear|#alonlivnewhite|#alonlivne|#tpsb|#plumedserpentct|#herecoombsthebride|#bridalfashionweek|#plumedserpentbridal
96695eab-a1f0-4d40-8d90-e191e3289ba6,2015-10-13 15:03:00,7560,-74.0066586961;40.7397801481,1632.84,5,31,#nycc|#manhattan|#cool|#picoftheday|#love|#instagood|#rufio08|#lategram|#javitscenter|#bobafett|#house|#thewalkingdead|#worldtradecenter|#enjoythelittlethings|#city|#holycosplaybatman|#hannibal|#residentevil|#multipass|#spiderock|#show|#marvel|#buildings|#anime|#joel|#hook|#deadpool|#batmanvillian|#fashion|#tomservo|#bobross|#lordoftheblingz|#dinodnafordays|#fifthelement|#music|#mashup|#light|#pbs|#girls|#spiderwoman|#tripper|#jurassicpark|#tails|#mst3k|#jessicajones|#shadow|#littlemac|#happylittletree|#arrow|#mrrogers|#mysterio|#fashionshow|#people|#daredevil|#greengoblin|#starwars|#sonic|#nintendo
149b99d2-3ed6-4490-9be8-ee918c29f8d1,2015-10-14 14:08:00,3480,-73.9673433897;40.7495294364,31.27,3,33,#1325at15|#wps|#1325
84197759-2ab4-47f3-9d70-64999dd6e5ac,2015-10-14 14:35:00,23640,-75.9804483387;42.0498483742,230279.04,4,31,#job|#hiring|#rochester|#jobs|#careerarc|#healthcare|#technology|#retail|#veterans|#entrylevel|#hoboken|#projectmgmt|#marketing|#customerservice|#it|#businessmgmt|#opensource
f4c9bfdd-9dc2-4b74-9e7d-2c7c5c7aaf02,2015-10-15 13:56:00,22920,-74.3647315692;41.2624648538,361192.76,4,13,#hiring|#job|#jobs|#careerarc|#cfgjobs|#marketing|#banking|#woodbridge|#manufacturing|#albany|#longisland|#mahwah|#retail|#gardiner|#rochester|#businessmgmt
d95b68a6-a3f9-4871-b212-b06a81b27244,2015-10-16 09:48:00,25800,-74.9045721294;41.3408645824,306359.38,6,17,#job|#hiring|#jobs|#careerarc|#teaneck|#transportation|#healthcare|#it|#rochester|#veterans|#hospitality|#jerseycity|#rosedale|#database|#woodbridge|#customerservice|#accounting|#coltsneck|#lakehopatcong
e4d61a75-ec00-4296-96d1-bd928645d355,2015-10-16 13:57:00,15900,-74.3684382267;41.4923892133,363705.5,5,15,#job|#hiring|#careerarc|#jobs|#customerservice|#accounting|#glenville|#transportation|#kellyservices|#warren|#kellyjobs|#flushing|#bogota|#madison|#fairview|#englewood|#it|#healthcare|#rochester|#baskingridge|#hoboken
cee1badb-f771-4f93-870d-b69ff3c76cc2,2015-10-18 12:01:00,22020,-74.5317395571;41.5286966571,345073.76,4,21,#job|#hiring|#careerarc|#jobs|#businessmgmt|#jerseycity|#hospitality|#sales|#albany|#veterans|#parttime|#healthcare|#rochester|#nj|#ny
1c92877e-b80d-430e-9117-6b1935563802,2015-10-18 17:07:00,13740,-73.890923523;40.735131242,8326.57,3,20,#queens|#longislandcity|#travel|#lpinstatakeover|#flushing|#worldsfair|#mantralounge|#beachhousesundays|#flamingorestaurant|#writetotravel|#heat|#rooftop|#bonfires
d933fe53-e812-475f-b5f8-2d3dba3fb26c,2015-10-19 14:36:00,35700,-74.9931116;41.4403391684,294890.77,3,19,#job|#hiring|#jobs|#retail|#healthcare|#rochester|#careerarc|#veterans|#jerseycity|#it|#middletown|#transportation|#elmhurst|#businessmgmt
5cbe65e0-b6a7-41ee-bc98-32b6c3d2e114,2015-10-20 21:09:00,11580,-73.9473512471;40.6819932376,20842.66,4,21,#tidalx1020|#jayz|#tidal|#justineskye|#ti|#disishiphop|#hellobrooklyn|#angiemartinez|#flatbushzombies|#alessiacara|#redcarpet|#youngdro
b962845e-1f60-4726-bf47-655c21f6cd0e,2015-10-22 14:12:00,24480,-75.1900686296;41.5189317074,272966.38,4,27,#job|#hiring|#jobs|#rochester|#careerarc|#accounting|#customerservice|#healthcare|#warren|#businessmgmt|#kellyservices|#kellyjobs|#nettempsjobs|#hackensack|#bedmister|#glenville|#weekawken|#southrichmondhill|#it|#engineering|#bedminster|#hoboken
adf023e4-4ae3-4ddc-9206-568c99a591bb,2015-10-22 19:04:00,47760,-74.0054376312;40.7143329963,750.45,3,8,#tbt|#classic|#thursday|#vintage|#ny|#cartoonflix|#cartoon|#eastcoast|#capcom|#katedelcastillo|#shinitodelbronx|#gameflix|#streetfighter2010|#instaphoto|#1960|#throwbackthursday|#photo|#nes|#tomandjerry|#share|#videogame|#shirttales|#repost|#1982|#redcarpet|#nintendo
54797b61-70ec-41bd-a977-ce29a63b90e2,2015-10-24 14:37:00,26760,-75.6769244926;42.4506084,217459.25,4,27,#job|#hiring|#jobs|#rochester|#careerarc|#healthcare|#hospitality|#albany|#retail|#veterans|#parttime
fb156968-cec2-4924-91cc-95e586fec50c,2015-10-26 13:50:00,43980,-75.3109145125;41.6369001813,259076.59,3,16,#job|#hiring|#jobs|#rochester|#technology|#airlines|#healthcare|#jamaica|#careerarc|#supplychain|#veterans|#it|#pilotjobs
dad5d67f-5caf-4ad3-9e52-eaf0e6ea4676,2015-10-29 09:08:00,19140,-73.9055817692;40.6717706923,1817.68,3,26,#lline
648c4aee-f3d0-43f2-8eb0-fbd7bb614c5b,2015-10-30 10:53:00,10080,-73.9576191525;40.7384745587,6955.69,5,8,#halloween|#gayjock|#gaytattoo|#musclegay|#gaymodel|#gaymuscle|#ridgewoodny|#parade|#rid|#ridgewood|#ridgewoodnyc|#queens|#gayjocks|#ridgewoodqueens|#muscle
65da4b68-665d-4d22-91d5-8f43440bd4e7,2015-10-31 23:15:00,10800,-73.9423216017;40.7329259341,14967.94,10,29,#happyhalloween|#halloween|#party|#costumes|#thedart|#bleekerstreet|#streetphotography|#halloweennight|#astoria|#halloween2015|#instahalloween|#halloweenmakeup|#manhattan|#food|#instahalloween2015|#howeedo|#littleredridinghood|#carmensandiego|#babyboy|#sidgoldsrequestroom|#blackcat|#cobweb|#batman|#newyorker|#happybirthday|#feelingthis|#pinhead|#fire|#masquerade|#footballplayer|#jackolantern|#werewolf|#mask|#drink|#pumpkin
22902187-a912-4411-888a-e3ef8b7ff633,2015-10-31 12:31:00,23460,-76.5879433824;42.4718736235,290931.7,3,17,#job|#hiring|#jobs|#careerarc|#veterans|#healthcare|#rochester|#hospitality|#westny|#restaurantjobs|#newjersey|#fillmore|#sandycreek|#clyde|#addison|#evansmills|#wolcott|#randolph
1d9e6208-679a-438a-b759-f0d0a3427486,2015-10-31 17:54:00,33060,-73.9622360492;40.7285428062,14305.55,5,13,#happyhalloween|#lnslovehalloween|#streetparty|#upperwestsidenyc|#halloweenmakeup|#streamconnyc|#boo|#beetlejuice|#spooooooky|#cat|#spooky|#trickortreat|#danceatlantic|#missargentina|#pumpkincompetition
1f6285ac-128a-4a9a-bfd4-5f71723f7f22,2015-10-31 15:41:00,12480,-73.9819531238;40.6889031863,3387.1,3,8,#halloween|#greenwoodcemetery|#lic|#bestcostume|#fall|#kids|#jurassicpark|#brunch|#dog
31933ac3-a477-4bf8-a30e-8afe64802aa6,2015-10-31 16:21:00,43080,-74.7184991183;40.9822998733,368946.23,5,6,#halloween|#costume|#azkaban|#prisonerofazkaban|#crueladeville|#dalmatian|#prisoner|#poletopolefitness|#fabulous|#travel|#fitness|#moms|#look|#p2polefitness|#westvillage|#wanderlust|#101|#pole|#love|#parade|#something|#poletopole|#puppy
9f4f8e01-e0fb-4de9-b5f9-b5c12401e942,2015-11-01 11:57:00,20880,-75.8307113714;42.5226685696,346191.47,6,56,#job|#hiring|#veterans|#careerarc|#jobs|#rochester|#hospitality|#businessmgmt|#it|#albany|#healthcare|#parttime|#woodbridge|#teaneck|#restaurantjobs|#dundee|#schroonlake|#belfast|#evansmills|#potsdam|#northcollins|#englewood|#richfieldsprings|#clyde|#warren|#saintjohnsville|#wolcott|#boonville|#naples|#wayland|#madison|#whitneypoint|#nunda|#williamson|#hannibal|#camden|#nettempsjobs|#oxford
d740f996-a918-4227-bac1-f77e19e31dc3,2015-11-01 09:55:00,14820,-73.995943605;40.7097645031,4737.33,11,36,#halloween|#halloween2015|#happyhalloween|#costumes|#bleekerstreet|#walkingdead|#gayzombies|#streetphotography|#zombies|#phantasmagorey15|#history|#latergram|#tombstone|#cemetery|#walkers|#houseofvans|#hallowolfbat|#blackandwhite|#streetvoices|#streetart|#timessquare|#aboutlastnight|#wallporn|#pyramid|#therothschilds|#statue|#sweetdream|#halloweenparade|#roylichtenstein|#time|#docbrown|#happygirl|#cleopatra|#unicorns|#girls|#rainbowbrite|#nypostnyc|#rockstars|#halloweennyc|#goodnight|#partofmytribe|#love|#mausoleum|#halloweenparty|#jellyfish|#loveus|#jessicarabbit|#irl
f43c4e14-87f8-408e-b845-854ed73bbd04,2015-11-01 01:16:00,10320,-73.8984089318;40.7399440276,12285.42,8,33,#happyhalloween|#party|#halloween|#costumes|#instagram|#streetphotography|#vscocam|#bleekerstreet|#b2|#fantasyfootball|#badbetches|#latenightpost|#costume|#instamood|#werewolf|#restingbitchface|#littleredridinghood|#colors|#music|#dj|#girls|#kyloren|#lanterns|#momaps1|#play|#phantasmagorey15|#orange|#bigbadwolf|#green|#crew|#dressup|#laptop|#blue|#papa|#heavenly|#mantralounge|#poisonbigapple|#mac|#decoration|#rabbitears|#queens|#speakers|#mirror|#creativity|#light|#dog|#costumeball|#lights|#bushwick|#thecrew|#love|#ladies|#kpop|#lic|#pinhead|#purple|#family|#tracks|#killerclown|#thedart|#rabbit|#fanboy|#babyboy|#bright|#pink|#flamingomantra
c1d8625c-82ec-49ac-bc25-c3f0e73e41e9,2015-11-01 00:57:00,66420,-73.982646205;40.7402435122,16761.4,4,32,#friends|#halloween|#happygirl|#dancing|#midtown|#manhattan|#happyhalloween|#happy|#danceinggirls|#halloween2015|#city|#party|#memories|#havingfun|#selfies|#sapitos|#copacabana|#soho|#usa|#readytogo|#instafun|#getready|#ready|#us|#partofmytribe|#queenofhearts
234eb9c9-539e-44e4-b367-4da3cef6d26e,2015-11-01 19:21:00,38820,-73.9951022218;40.7203449655,5126.92,5,22,#manhattan|#empirestatebuilding|#financialdistrict|#autumn|#downtown|#watertaxi|#wallstreet|#fall|#statueofliberty|#statuedelalibert|#skyline|#view|#ellisisland|#sunday|#sculpture|#walking|#shadowplay|#tcsnycmarathon|#pediment|#boat|#panorama|#fidi|#bridge|#chinatown|#leaves|#morning|#newyorkstockexchange|#streetart|#cablecar|#yummy|#dusk|#tourist|#wtc|#tribeca|#worldtradecenter|#newyorkwatertaxi|#unionsquare|#walk|#underarmour|#facade|#wall|#les|#light|#support|#manhattanbridge|#rooftop|#harlemrun|#travel|#building|#change|#shadow|#roof|#werunharlem|#bowery|#trinitychurch|#lowereastside|#wallpainting|#architecture|#color|#mural
c746f24d-3af9-415f-97a9-a361ec6b27dd,2015-11-01 19:52:00,78480,-74.017832125;40.7551856525,4004.0,4,8,#halloween2015|#efrain|#str8fuego|#eyeswideshut|#arroyo|#zombies|#walkingdead|#awkward|#halloween|#redriddinghood|#bigbadwolf|#cougar|#penthaus|#gayzombies|#penthausfridays|#walkers|#nystyle
a5803c70-3d56-4706-b902-6abdd0c630d8,2015-11-01 06:57:00,13980,-73.9752517583;40.7558485483,2920.46,3,6,#manhattan|#soho|#french|#casual|#littleitaly|#dreambig|#timessquare|#building|#freedomtower|#travelbug|#architecture|#downtown|#photo|#lovenyc
830d42b0-a977-48b6-80b8-addf585f62fd,2015-11-02 10:19:00,27720,-76.201112872;42.308167476,366242.97,3,25,#job|#jobs|#hiring|#veterans|#careerarc|#jerseycity|#businessmgmt|#rochester|#healthcare|#marathon|#chaffee|#liberty|#retsof|#schroonlake|#franklinville|#belmont|#wayland|#sandycreek|#westcoxsackie|#mayville|#nunda|#pulaski|#camden|#nettempsjobs
8bd1f4d2-8f8d-4d75-898e-53490d4c6d4b,2015-11-05 10:32:00,12600,-74.6832958952;41.2361095762,427700.6,4,21,#hiring|#job|#careerarc|#teaneck|#it|#jobs|#retail|#veterans|#nettempsjobs|#whitestone|#chaffee|#constantia|#healthcare|#rochester|#akron
9dbd9a5d-e1d8-4e50-88e3-9494a95e6304,2015-11-06 09:52:00,30000,-77.2189599067;42.8219343267,354374.61,4,15,#job|#hiring|#rochester|#jobs|#careerarc|#healthcare|#customerservice|#veterans|#jerseycity|#trumansburg|#canisteo|#waterville|#franklinville
d4b4de00-2614-4e75-b5e9-dfd1c8f31562,2015-11-07 13:33:00,30720,-74.9428115889;41.3893979407,300640.96,3,27,#job|#hiring|#retail|#careerarc|#jobs|#rochester|#teaneck|#it|#veterans
b447b009-524a-431e-a67e-0608ae46a974,2015-11-07 22:11:00,5940,-73.9838951609;40.7375835436,3030.62,3,22,#ny|#family|#halal|#chelseamarket|#love|#liveistheanswer|#empirestatebuilding|#sobrinos|#chelsea|#timessquare|#rockefeller|#narcicism|#highline|#streetart|#museum|#esbheartofnyc
c2d73dae-9904-441f-8b11-eb5829bc401b,2015-11-07 17:04:00,5700,-73.8607532886;40.7421425986,16236.15,3,7,#queens|#cyclethe7|#worldsfair|#photograph|#photographer|#images|#diwali|#southrichmondhill|#southrichmondhillfoodcrawl|#graffiti|#instaphoto|#streetphotography
551f7eab-8daa-41fb-9db5-04a50356c117,2015-11-08 12:37:00,30420,-77.039520913;43.0279863196,404676.67,4,46,#job|#hiring|#careerarc|#veterans|#jobs|#rochester|#hospitality|#retail|#healthcare|#schroonlake|#belmont|#restaurantjobs|#belfast|#hannibal|#parttime|#dundee|#liberty|#northcollins|#brockport|#marathon|#whitehall|#honeoye|#wayland|#franklinville|#chaumont|#retsof|#nunda|#pulaski|#malone|#camden|#sherburne|#whitneypoint
6550d2d9-8e30-4db0-9874-185d3b410ac1,2015-11-08 18:49:00,26640,-73.9713885857;40.7765051911,4740.37,8,35,#centralpark|#fall|#manhattan|#usa|#autumn|#ny|#gorgeous|#foliage|#iloveny|#nofilter|#colors|#matthewsinnewyork|#newyorkinstagram|#stpaulschapel|#autumn2015|#beau|#park|#reflections|#sundaymorning|#imagine|#waterfall|#strawberryfields|#squirrelhunting|#conservatorygarden
0da27171-1955-463f-9cc9-b1c3aaf4708b,2015-11-10 16:53:00,24720,-73.9938401953;40.729556972,1475.41,6,30,#vsfashionshow|#vsfs2015|#victoriassecret|#selenagomez|#thassiaemny|#victoriasecret|#angels|#btviaja|#vsfs|#vslexington|#cbs|#december|#sarasampaio|#wow|#thassiastyle|#babe|#vsparty|#pinkusa|#brasil|#thegordonbar|#beautiful|#invitation|#sharamdiniz|#ootn|#show|#followme|#runway|#vsfashionshow2015|#photoshoot|#2015|#bohopsychedelic|#candiceswanepoel|#backstage|#riqu|#iceangels|#rain|#kendalljenner|#behatiprinsloo|#lookofthenight|#beauty|#repost|#gigihadid|#nice|#vip|#taylorhill|#portugal|#waittosee|#selfie|#sneakpeek
